drug_name,month,avg_sentiment,ade_count,total,ade_rate
alprazolam,2008-03,0.15935,0,2,0.0
alprazolam,2008-04,0.18780000000000002,0,2,0.0
alprazolam,2008-05,0.05936666666666667,0,3,0.0
alprazolam,2008-06,0.1256,0,2,0.0
alprazolam,2008-07,0.45,0,1,0.0
alprazolam,2008-08,0.12883333333333333,1,3,0.3333333333333333
alprazolam,2008-09,0.5,0,2,0.0
alprazolam,2008-10,0.08043333333333334,2,3,0.6666666666666666
alprazolam,2008-11,0.0788,2,4,0.5
alprazolam,2008-12,0.08956666666666667,0,3,0.0
alprazolam,2009-01,0.0725,0,2,0.0
alprazolam,2009-02,0.211725,0,4,0.0
alprazolam,2009-03,0.17563333333333334,0,3,0.0
alprazolam,2009-04,0.07766666666666666,1,6,0.16666666666666666
alprazolam,2009-05,0.11566000000000001,1,5,0.2
alprazolam,2009-06,0.2367,0,1,0.0
alprazolam,2009-07,-0.02475,0,2,0.0
alprazolam,2009-08,-0.05569999999999999,0,5,0.0
alprazolam,2009-09,-0.1493,0,2,0.0
alprazolam,2009-11,0.14504,2,5,0.4
alprazolam,2009-12,0.1438,0,1,0.0
alprazolam,2010-01,0.0781,0,2,0.0
alprazolam,2010-02,0.0,0,1,0.0
alprazolam,2010-03,0.33556666666666674,0,3,0.0
alprazolam,2010-04,0.17015,0,2,0.0
alprazolam,2010-06,0.1655,1,2,0.5
alprazolam,2010-07,0.35,0,1,0.0
alprazolam,2010-08,0.18885,0,2,0.0
alprazolam,2010-09,0.02665,0,2,0.0
alprazolam,2010-11,0.041975,0,4,0.0
alprazolam,2010-12,0.0183,0,1,0.0
alprazolam,2011-01,-0.01665,0,2,0.0
alprazolam,2011-02,0.37,0,2,0.0
alprazolam,2011-03,0.61,0,2,0.0
alprazolam,2011-04,0.292,1,1,1.0
alprazolam,2011-05,-0.012300000000000005,0,2,0.0
alprazolam,2011-06,-0.011099999999999999,1,2,0.5
alprazolam,2011-08,0.31124999999999997,1,2,0.5
alprazolam,2011-09,0.1755,0,4,0.0
alprazolam,2011-10,0.07624,0,5,0.0
alprazolam,2011-11,0.26315,0,2,0.0
alprazolam,2011-12,0.27707499999999996,1,8,0.125
alprazolam,2012-01,-0.046200000000000005,0,2,0.0
alprazolam,2012-02,0.3288,0,2,0.0
alprazolam,2012-03,0.0642,0,2,0.0
alprazolam,2012-04,0.003,0,1,0.0
alprazolam,2012-05,0.2625,0,2,0.0
alprazolam,2012-08,0.3826,0,3,0.0
alprazolam,2012-10,0.245,0,2,0.0
alprazolam,2012-12,0.425,0,2,0.0
alprazolam,2013-01,0.5333,0,1,0.0
alprazolam,2013-02,-0.06664999999999999,1,2,0.5
alprazolam,2013-03,0.65,0,2,0.0
alprazolam,2013-04,0.08555,3,4,0.75
alprazolam,2013-06,0.235,0,2,0.0
alprazolam,2013-07,0.012033333333333332,2,3,0.6666666666666666
alprazolam,2013-08,0.06553333333333335,0,3,0.0
alprazolam,2013-09,0.154,0,6,0.0
alprazolam,2013-10,0.12175,0,2,0.0
alprazolam,2013-11,0.112275,1,4,0.25
alprazolam,2014-01,0.0657,0,2,0.0
alprazolam,2014-02,0.1598,0,3,0.0
alprazolam,2014-03,0.2167,0,1,0.0
alprazolam,2014-05,0.5,0,1,0.0
alprazolam,2014-07,0.15216666666666667,0,3,0.0
alprazolam,2014-08,0.2906666666666667,1,3,0.3333333333333333
alprazolam,2014-09,0.5771,1,2,0.5
alprazolam,2014-10,0.0991,0,1,0.0
alprazolam,2014-11,0.1426333333333333,0,3,0.0
alprazolam,2014-12,0.22115,0,2,0.0
alprazolam,2015-01,0.0,0,1,0.0
alprazolam,2015-02,0.35,0,1,0.0
alprazolam,2015-03,0.03153333333333334,0,3,0.0
alprazolam,2015-04,-0.02665,2,2,1.0
alprazolam,2015-05,0.09425,0,2,0.0
alprazolam,2015-06,0.013300000000000001,1,6,0.16666666666666666
alprazolam,2015-07,0.09392500000000001,0,8,0.0
alprazolam,2015-08,0.0233,0,4,0.0
alprazolam,2015-09,0.044266666666666676,0,3,0.0
alprazolam,2015-10,-0.13598,0,5,0.0
alprazolam,2015-11,0.1381,1,3,0.3333333333333333
alprazolam,2015-12,0.0053,0,1,0.0
alprazolam,2016-01,0.09501666666666665,2,6,0.3333333333333333
alprazolam,2016-02,0.08866666666666667,0,3,0.0
alprazolam,2016-03,-0.01965,0,2,0.0
alprazolam,2016-04,0.3357,0,4,0.0
alprazolam,2016-05,0.17550000000000002,1,2,0.5
alprazolam,2016-06,-0.016024999999999998,1,4,0.25
alprazolam,2016-08,-0.08771999999999999,2,5,0.4
alprazolam,2016-09,-0.0943,2,6,0.3333333333333333
alprazolam,2016-10,0.019899999999999994,0,5,0.0
alprazolam,2016-11,-0.1049,0,4,0.0
alprazolam,2016-12,0.02112,0,5,0.0
alprazolam,2017-01,0.19482500000000003,0,4,0.0
alprazolam,2017-02,0.10587500000000001,0,4,0.0
alprazolam,2017-03,-0.016650000000000005,1,2,0.5
alprazolam,2017-04,-0.04998,1,5,0.2
alprazolam,2017-05,0.1733,0,4,0.0
alprazolam,2017-06,0.09796666666666666,1,3,0.3333333333333333
alprazolam,2017-07,-0.09895,0,2,0.0
alprazolam,2017-08,0.070525,2,4,0.5
alprazolam,2017-09,0.0722,0,1,0.0
alprazolam,2017-10,0.128675,1,4,0.25
alprazolam,2017-11,0.3125,0,2,0.0
amitriptyline,2008-03,0.1636,0,1,0.0
amitriptyline,2008-04,0.2281,0,1,0.0
amitriptyline,2008-06,0.03025,1,2,0.5
amitriptyline,2008-07,0.0061,1,1,1.0
amitriptyline,2008-08,0.19,0,1,0.0
amitriptyline,2008-10,0.325,0,1,0.0
amitriptyline,2008-11,0.2921,0,1,0.0
amitriptyline,2008-12,0.43173333333333336,0,3,0.0
amitriptyline,2009-02,0.47915,0,2,0.0
amitriptyline,2009-03,0.049920000000000006,3,5,0.6
amitriptyline,2009-04,0.10086666666666666,2,3,0.6666666666666666
amitriptyline,2009-05,0.19024000000000002,1,5,0.2
amitriptyline,2009-06,0.3159,0,3,0.0
amitriptyline,2009-07,-0.0921,0,3,0.0
amitriptyline,2009-08,0.060450000000000004,2,2,1.0
amitriptyline,2009-10,0.0,0,1,0.0
amitriptyline,2009-11,0.041666666666666664,0,3,0.0
amitriptyline,2009-12,0.3625,0,3,0.0
amitriptyline,2010-01,0.03435,1,2,0.5
amitriptyline,2010-02,0.3286,0,1,0.0
amitriptyline,2010-04,0.0542,0,1,0.0
amitriptyline,2010-05,0.09665,0,2,0.0
amitriptyline,2010-06,0.0208,0,1,0.0
amitriptyline,2010-09,0.032,0,1,0.0
amitriptyline,2010-10,0.0,0,1,0.0
amitriptyline,2010-11,0.21,0,1,0.0
amitriptyline,2010-12,0.38125,0,2,0.0
amitriptyline,2011-01,0.021599999999999998,1,5,0.2
amitriptyline,2011-02,0.0,1,2,0.5
amitriptyline,2011-04,0.13186,0,5,0.0
amitriptyline,2011-05,0.066,0,2,0.0
amitriptyline,2011-08,0.10099999999999999,0,3,0.0
amitriptyline,2011-11,0.0091,1,2,0.5
amitriptyline,2011-12,0.23835,1,2,0.5
amitriptyline,2012-01,-0.2708,0,1,0.0
amitriptyline,2012-02,-0.0933,0,1,0.0
amitriptyline,2012-03,0.09232499999999999,1,4,0.25
amitriptyline,2012-04,-0.0234,0,1,0.0
amitriptyline,2012-05,0.075625,1,4,0.25
amitriptyline,2012-06,0.12653333333333333,0,3,0.0
amitriptyline,2012-07,0.055675,0,4,0.0
amitriptyline,2012-08,0.7,0,1,0.0
amitriptyline,2012-09,-0.48335,0,2,0.0
amitriptyline,2012-10,-0.1314,0,1,0.0
amitriptyline,2012-11,0.1091,0,1,0.0
amitriptyline,2013-01,-0.0261,0,2,0.0
amitriptyline,2013-02,0.23763333333333334,1,3,0.3333333333333333
amitriptyline,2013-03,0.4875,0,1,0.0
amitriptyline,2013-04,-0.0926,0,1,0.0
amitriptyline,2013-05,0.011533333333333331,1,3,0.3333333333333333
amitriptyline,2013-06,0.10379999999999999,1,3,0.3333333333333333
amitriptyline,2013-07,0.09356,0,5,0.0
amitriptyline,2013-08,-0.01475,1,2,0.5
amitriptyline,2013-09,-0.009266666666666671,1,3,0.3333333333333333
amitriptyline,2013-10,0.10167999999999999,0,5,0.0
amitriptyline,2013-11,0.17049999999999998,2,2,1.0
amitriptyline,2013-12,-0.11383333333333334,0,3,0.0
amitriptyline,2014-01,0.10095,0,2,0.0
amitriptyline,2014-02,0.0,0,1,0.0
amitriptyline,2014-03,0.2292,0,2,0.0
amitriptyline,2014-04,0.1806,0,1,0.0
amitriptyline,2014-05,0.1875,0,1,0.0
amitriptyline,2014-06,-0.0526,1,2,0.5
amitriptyline,2014-07,0.311,0,5,0.0
amitriptyline,2014-08,-0.16976666666666665,1,3,0.3333333333333333
amitriptyline,2014-09,-0.13674999999999998,0,2,0.0
amitriptyline,2014-10,0.1781,0,2,0.0
amitriptyline,2014-11,-0.06255,0,4,0.0
amitriptyline,2014-12,0.1437,0,1,0.0
amitriptyline,2015-01,0.15,0,1,0.0
amitriptyline,2015-02,0.0645,1,1,1.0
amitriptyline,2015-03,-0.04004285714285714,2,7,0.2857142857142857
amitriptyline,2015-04,-0.08843333333333332,1,3,0.3333333333333333
amitriptyline,2015-05,-0.1808,0,1,0.0
amitriptyline,2015-06,0.16125,0,6,0.0
amitriptyline,2015-07,0.05395,1,8,0.125
amitriptyline,2015-08,0.04256666666666667,1,3,0.3333333333333333
amitriptyline,2015-09,-0.0833125,1,8,0.125
amitriptyline,2015-10,0.066875,0,8,0.0
amitriptyline,2015-11,-0.015614285714285707,1,7,0.14285714285714285
amitriptyline,2015-12,0.06856999999999999,1,10,0.1
amitriptyline,2016-01,0.0696,0,8,0.0
amitriptyline,2016-02,0.11491428571428572,1,7,0.14285714285714285
amitriptyline,2016-03,0.0644125,1,8,0.125
amitriptyline,2016-04,-0.015220000000000006,1,5,0.2
amitriptyline,2016-05,0.11650000000000002,0,8,0.0
amitriptyline,2016-06,0.02226,0,5,0.0
amitriptyline,2016-07,-0.03351428571428571,0,7,0.0
amitriptyline,2016-08,0.06101428571428572,0,7,0.0
amitriptyline,2016-09,0.06828333333333332,1,6,0.16666666666666666
amitriptyline,2016-10,0.008283333333333332,1,12,0.08333333333333333
amitriptyline,2016-11,-0.06778888888888888,0,9,0.0
amitriptyline,2016-12,-0.09755714285714287,0,7,0.0
amitriptyline,2017-01,0.08145,0,8,0.0
amitriptyline,2017-02,0.029016666666666663,0,6,0.0
amitriptyline,2017-03,-0.06943333333333335,2,3,0.6666666666666666
amitriptyline,2017-04,-0.009266666666666668,2,6,0.3333333333333333
amitriptyline,2017-05,-0.0784,1,2,0.5
amitriptyline,2017-06,0.00971666666666667,0,6,0.0
amitriptyline,2017-07,-0.0289,2,6,0.3333333333333333
amitriptyline,2017-08,0.25176,0,5,0.0
amitriptyline,2017-09,0.089625,2,8,0.25
amitriptyline,2017-10,-0.0235,1,5,0.2
amitriptyline,2017-11,0.07822857142857143,1,7,0.14285714285714285
bupropion,2008-03,0.2557,0,2,0.0
bupropion,2008-06,0.15,0,1,0.0
bupropion,2008-07,0.06665,0,2,0.0
bupropion,2008-11,-0.05625,1,2,0.5
bupropion,2008-12,0.14559999999999998,1,3,0.3333333333333333
bupropion,2009-02,0.12246666666666667,2,3,0.6666666666666666
bupropion,2009-03,-0.12845,0,2,0.0
bupropion,2009-04,-0.0486,0,2,0.0
bupropion,2009-05,0.1708,0,1,0.0
bupropion,2009-06,0.08207500000000001,1,4,0.25
bupropion,2009-07,0.3666666666666667,1,3,0.3333333333333333
bupropion,2009-08,0.08683333333333333,2,6,0.3333333333333333
bupropion,2009-09,0.15669999999999998,2,2,1.0
bupropion,2009-10,-0.01753749999999999,2,8,0.25
bupropion,2009-11,0.3306,1,1,1.0
bupropion,2009-12,-0.06571666666666667,2,6,0.3333333333333333
bupropion,2010-01,0.15986666666666668,1,6,0.16666666666666666
bupropion,2010-02,0.0352,0,3,0.0
bupropion,2010-03,0.038675,1,4,0.25
bupropion,2010-04,0.25166666666666665,0,3,0.0
bupropion,2010-05,-0.03335,0,2,0.0
bupropion,2010-06,0.15835,0,2,0.0
bupropion,2010-07,0.10456666666666665,1,3,0.3333333333333333
bupropion,2010-08,0.2,0,1,0.0
bupropion,2010-09,0.083275,2,4,0.5
bupropion,2010-10,0.305,0,1,0.0
bupropion,2010-11,0.31,1,1,1.0
bupropion,2010-12,0.3585666666666667,1,3,0.3333333333333333
bupropion,2011-01,-0.07915,1,2,0.5
bupropion,2011-02,0.2572,0,2,0.0
bupropion,2011-04,0.1907,0,2,0.0
bupropion,2011-05,0.03,0,1,0.0
bupropion,2011-06,-0.146,1,3,0.3333333333333333
bupropion,2011-07,-0.10880000000000001,1,2,0.5
bupropion,2011-08,-0.125,0,2,0.0
bupropion,2011-09,-0.09749999999999999,1,3,0.3333333333333333
bupropion,2011-10,0.10236,1,5,0.2
bupropion,2011-11,-0.05260000000000001,1,2,0.5
bupropion,2011-12,0.15,0,1,0.0
bupropion,2012-01,0.09106666666666667,0,3,0.0
bupropion,2012-02,0.1795,0,1,0.0
bupropion,2012-03,0.075,0,1,0.0
bupropion,2012-04,0.04513333333333333,2,3,0.6666666666666666
bupropion,2012-05,-0.1313,1,3,0.3333333333333333
bupropion,2012-06,-0.013899999999999996,0,2,0.0
bupropion,2012-07,0.0563,0,1,0.0
bupropion,2012-08,0.1125,0,1,0.0
bupropion,2012-09,-1.0,0,1,0.0
bupropion,2012-10,0.2795,0,1,0.0
bupropion,2012-11,-0.023600000000000003,0,2,0.0
bupropion,2012-12,0.026999999999999993,1,3,0.3333333333333333
bupropion,2013-01,0.010166666666666666,2,6,0.3333333333333333
bupropion,2013-02,-0.075,1,2,0.5
bupropion,2013-03,0.1758666666666667,1,3,0.3333333333333333
bupropion,2013-04,-0.14439999999999997,1,2,0.5
bupropion,2013-05,0.20382000000000003,3,5,0.6
bupropion,2013-06,0.3,1,3,0.3333333333333333
bupropion,2013-07,0.33540000000000003,0,2,0.0
bupropion,2013-08,0.15,0,1,0.0
bupropion,2013-09,-0.03615,1,2,0.5
bupropion,2013-10,-0.04933333333333334,0,3,0.0
bupropion,2013-11,0.2801666666666667,1,3,0.3333333333333333
bupropion,2013-12,0.0161,0,1,0.0
bupropion,2014-01,0.1032,1,3,0.3333333333333333
bupropion,2014-02,0.05416666666666667,2,3,0.6666666666666666
bupropion,2014-03,0.10345,0,2,0.0
bupropion,2014-04,0.26195,0,2,0.0
bupropion,2014-05,-0.13655,1,2,0.5
bupropion,2014-06,0.19940000000000002,1,2,0.5
bupropion,2014-07,0.17585,1,4,0.25
bupropion,2014-08,0.24805,0,2,0.0
bupropion,2014-09,0.1224,0,2,0.0
bupropion,2014-10,0.168875,0,4,0.0
bupropion,2014-11,0.10763333333333334,0,6,0.0
bupropion,2014-12,0.10546666666666667,0,3,0.0
bupropion,2015-02,-0.3449333333333333,2,3,0.6666666666666666
bupropion,2015-03,0.15535,0,2,0.0
bupropion,2015-04,0.19809999999999997,0,7,0.0
bupropion,2015-05,0.053274999999999996,2,4,0.5
bupropion,2015-06,0.16813333333333333,0,3,0.0
bupropion,2015-07,-0.005890909090909089,1,11,0.09090909090909091
bupropion,2015-08,-0.06966000000000001,1,5,0.2
bupropion,2015-09,-0.0318,2,5,0.4
bupropion,2015-10,0.07745454545454544,2,11,0.18181818181818182
bupropion,2015-11,0.16598000000000002,2,5,0.4
bupropion,2015-12,0.00541,3,10,0.3
bupropion,2016-01,0.048646666666666664,5,15,0.3333333333333333
bupropion,2016-02,0.058509090909090906,3,11,0.2727272727272727
bupropion,2016-03,0.06985555555555555,2,9,0.2222222222222222
bupropion,2016-04,0.027800000000000005,2,8,0.25
bupropion,2016-05,0.12915,2,8,0.25
bupropion,2016-06,0.03825000000000001,2,6,0.3333333333333333
bupropion,2016-07,-0.005825,0,8,0.0
bupropion,2016-08,0.012814285714285717,3,7,0.42857142857142855
bupropion,2016-09,0.003936363636363633,0,11,0.0
bupropion,2016-10,-0.1649,2,4,0.5
bupropion,2016-11,0.09903636363636363,5,11,0.45454545454545453
bupropion,2016-12,0.033859999999999994,2,10,0.2
bupropion,2017-01,0.10486875,4,16,0.25
bupropion,2017-02,-0.013233333333333326,0,6,0.0
bupropion,2017-03,0.03705,2,6,0.3333333333333333
bupropion,2017-04,0.0679,0,1,0.0
bupropion,2017-05,-0.039525000000000005,3,4,0.75
bupropion,2017-06,-0.09034999999999999,0,2,0.0
bupropion,2017-07,0.0903375,2,8,0.25
bupropion,2017-08,-0.05327,5,10,0.5
bupropion,2017-09,0.04641250000000001,2,8,0.25
bupropion,2017-10,0.0540875,2,8,0.25
bupropion,2017-11,-0.033966666666666666,1,12,0.08333333333333333
bupropion,2017-12,0.1844,1,1,1.0
bupropion / naltrexone,2014-12,-0.07974999999999999,2,4,0.5
bupropion / naltrexone,2015-01,0.08024999999999999,1,8,0.125
bupropion / naltrexone,2015-02,0.23372,0,5,0.0
bupropion / naltrexone,2015-03,0.118075,1,12,0.08333333333333333
bupropion / naltrexone,2015-04,0.048924999999999996,4,20,0.2
bupropion / naltrexone,2015-05,0.058884,4,25,0.16
bupropion / naltrexone,2015-06,0.019572727272727276,2,11,0.18181818181818182
bupropion / naltrexone,2015-07,0.005186666666666673,1,15,0.06666666666666667
bupropion / naltrexone,2015-08,0.11155294117647058,1,17,0.058823529411764705
bupropion / naltrexone,2015-09,-0.0266875,6,24,0.25
bupropion / naltrexone,2015-10,0.08133,1,10,0.1
bupropion / naltrexone,2015-11,0.0027307692307692293,0,13,0.0
bupropion / naltrexone,2015-12,0.030837500000000004,3,16,0.1875
bupropion / naltrexone,2016-01,0.053075,1,16,0.0625
bupropion / naltrexone,2016-02,-0.011345454545454547,4,22,0.18181818181818182
bupropion / naltrexone,2016-03,-0.02295833333333333,3,12,0.25
bupropion / naltrexone,2016-04,-0.00666923076923077,3,13,0.23076923076923078
bupropion / naltrexone,2016-05,0.06885,2,8,0.25
bupropion / naltrexone,2016-06,0.04525,0,8,0.0
bupropion / naltrexone,2016-07,0.037427272727272726,3,11,0.2727272727272727
bupropion / naltrexone,2016-08,0.022575,1,8,0.125
bupropion / naltrexone,2016-09,0.014025,1,8,0.125
bupropion / naltrexone,2016-10,0.07184444444444443,2,9,0.2222222222222222
bupropion / naltrexone,2016-11,0.07863333333333333,1,6,0.16666666666666666
bupropion / naltrexone,2016-12,0.058475,1,8,0.125
bupropion / naltrexone,2017-01,0.094155,1,20,0.05
bupropion / naltrexone,2017-02,-0.05235,2,26,0.07692307692307693
bupropion / naltrexone,2017-03,0.05475666666666666,6,30,0.2
bupropion / naltrexone,2017-04,0.043313043478260864,3,23,0.13043478260869565
bupropion / naltrexone,2017-05,-0.01365,0,20,0.0
bupropion / naltrexone,2017-06,0.08595,2,14,0.14285714285714285
bupropion / naltrexone,2017-07,0.022926666666666658,2,15,0.13333333333333333
bupropion / naltrexone,2017-08,0.004785714285714292,6,14,0.42857142857142855
bupropion / naltrexone,2017-09,0.029375,2,8,0.25
bupropion / naltrexone,2017-10,-0.07070000000000001,2,9,0.2222222222222222
bupropion / naltrexone,2017-11,0.05014545454545454,2,11,0.18181818181818182
bupropion / naltrexone,2017-12,-0.0465,0,1,0.0
chantix,2008-02,0.0667,1,1,1.0
chantix,2008-03,0.14,1,2,0.5
chantix,2008-04,0.2907666666666667,0,3,0.0
chantix,2008-05,-0.0411,0,1,0.0
chantix,2008-08,0.3102,1,2,0.5
chantix,2008-11,0.1006,0,2,0.0
chantix,2008-12,0.05835,0,2,0.0
chantix,2009-01,0.2655,0,2,0.0
chantix,2009-02,-0.017733333333333327,0,3,0.0
chantix,2009-03,0.10394,1,5,0.2
chantix,2009-04,0.22242,2,5,0.4
chantix,2009-05,0.026250000000000002,0,2,0.0
chantix,2009-06,0.2033,0,1,0.0
chantix,2009-07,0.14845,1,2,0.5
chantix,2009-08,0.14923333333333333,2,3,0.6666666666666666
chantix,2009-09,0.148,2,5,0.4
chantix,2009-10,-0.052550000000000006,0,2,0.0
chantix,2009-11,0.2769,0,1,0.0
chantix,2009-12,-0.0349,0,2,0.0
chantix,2010-01,-0.013199999999999995,0,3,0.0
chantix,2010-02,0.11,0,2,0.0
chantix,2010-03,0.2154,0,1,0.0
chantix,2010-05,0.002800000000000004,0,2,0.0
chantix,2010-10,-0.1095,0,1,0.0
chantix,2010-12,0.2806,0,1,0.0
chantix,2011-01,0.55,0,1,0.0
chantix,2011-02,0.13376666666666667,1,3,0.3333333333333333
chantix,2011-03,-0.1302,0,1,0.0
chantix,2011-04,-0.0107,1,1,1.0
chantix,2011-06,0.07,0,1,0.0
chantix,2011-07,0.16885,1,2,0.5
chantix,2011-08,0.16968,2,5,0.4
chantix,2011-09,0.22496666666666665,0,3,0.0
chantix,2011-10,0.0897,0,3,0.0
chantix,2011-11,0.22213333333333332,1,3,0.3333333333333333
chantix,2011-12,0.25765,0,2,0.0
chantix,2012-01,0.010716666666666671,1,6,0.16666666666666666
chantix,2012-02,0.2361,0,1,0.0
chantix,2012-04,-0.0015000000000000013,2,4,0.5
chantix,2012-05,0.1627,0,3,0.0
chantix,2012-07,0.0444,0,1,0.0
chantix,2012-08,0.0,0,1,0.0
chantix,2012-10,0.0986,1,2,0.5
chantix,2013-01,0.18085,0,2,0.0
chantix,2013-02,-0.0029,0,1,0.0
chantix,2013-03,-0.125,0,1,0.0
chantix,2013-04,0.2021,0,1,0.0
chantix,2013-05,-0.04333333333333333,0,3,0.0
chantix,2013-06,-0.2281,0,1,0.0
chantix,2013-08,0.07666666666666667,1,3,0.3333333333333333
chantix,2013-10,0.1721,0,6,0.0
chantix,2013-11,-0.006100000000000001,1,2,0.5
chantix,2013-12,-0.15535,0,2,0.0
chantix,2014-01,0.12716666666666668,0,3,0.0
chantix,2014-02,0.1578,0,5,0.0
chantix,2014-03,0.09534000000000001,0,5,0.0
chantix,2014-04,0.14396666666666666,1,3,0.3333333333333333
chantix,2014-05,0.336075,1,4,0.25
chantix,2014-08,0.2109,0,1,0.0
chantix,2014-09,0.28859999999999997,1,2,0.5
chantix,2014-10,0.10810000000000002,0,3,0.0
chantix,2014-11,-0.0515,1,2,0.5
chantix,2014-12,0.1153,2,3,0.6666666666666666
chantix,2015-01,0.07281666666666665,2,6,0.3333333333333333
chantix,2015-02,0.31248333333333334,0,6,0.0
chantix,2015-03,0.15433333333333332,0,3,0.0
chantix,2015-04,0.14350000000000002,1,2,0.5
chantix,2015-05,0.002966666666666664,0,3,0.0
chantix,2015-06,0.04392,0,5,0.0
chantix,2015-07,0.023200000000000002,0,2,0.0
chantix,2015-08,0.03313333333333334,1,3,0.3333333333333333
chantix,2015-09,0.06768333333333333,1,6,0.16666666666666666
chantix,2015-10,0.035416666666666666,0,6,0.0
chantix,2015-11,0.159125,1,8,0.125
chantix,2015-12,0.021280000000000007,2,5,0.4
chantix,2016-01,-0.03612499999999999,2,8,0.25
chantix,2016-02,0.1977,0,5,0.0
chantix,2016-03,0.10736153846153848,2,13,0.15384615384615385
chantix,2016-04,0.14958333333333332,1,6,0.16666666666666666
chantix,2016-05,0.10131666666666667,1,6,0.16666666666666666
chantix,2016-06,0.2125,0,1,0.0
chantix,2016-07,0.08836666666666666,0,3,0.0
chantix,2016-08,0.17694000000000001,0,5,0.0
chantix,2016-09,0.06349999999999999,0,7,0.0
chantix,2016-11,0.057699999999999994,0,6,0.0
chantix,2016-12,-0.02200000000000001,1,3,0.3333333333333333
chantix,2017-01,-0.03963333333333333,2,3,0.6666666666666666
chantix,2017-02,0.223,0,2,0.0
chantix,2017-03,0.1234,0,2,0.0
chantix,2017-04,-0.04445,0,2,0.0
chantix,2017-05,-0.35,0,2,0.0
chantix,2017-06,0.22223333333333337,0,3,0.0
chantix,2017-07,0.18925999999999998,1,5,0.2
chantix,2017-08,-0.39874,2,5,0.4
chantix,2017-09,0.262,0,1,0.0
chantix,2017-10,0.10238,1,5,0.2
chantix,2017-11,0.1008,2,6,0.3333333333333333
citalopram,2008-04,0.24064999999999998,0,2,0.0
citalopram,2008-05,0.5,0,1,0.0
citalopram,2008-09,0.2222,0,1,0.0
citalopram,2008-10,0.020450000000000003,1,2,0.5
citalopram,2008-11,0.3144,0,1,0.0
citalopram,2008-12,0.11059999999999999,1,3,0.3333333333333333
citalopram,2009-01,0.1667,0,1,0.0
citalopram,2009-02,0.18685,0,2,0.0
citalopram,2009-03,0.04525,0,2,0.0
citalopram,2009-04,0.0798,0,1,0.0
citalopram,2009-06,-0.0824,0,2,0.0
citalopram,2009-07,0.069575,1,4,0.25
citalopram,2009-08,0.04196666666666667,0,3,0.0
citalopram,2009-09,-0.3412,2,2,1.0
citalopram,2009-10,0.0814,1,2,0.5
citalopram,2009-11,-0.3434,0,3,0.0
citalopram,2010-01,0.10688,3,5,0.6
citalopram,2010-03,0.3333,0,1,0.0
citalopram,2010-04,0.0,0,1,0.0
citalopram,2010-06,0.0179,0,1,0.0
citalopram,2010-07,0.0989,1,1,1.0
citalopram,2010-08,-0.17250000000000001,2,4,0.5
citalopram,2010-11,0.016399999999999998,1,2,0.5
citalopram,2010-12,-0.0871,3,4,0.75
citalopram,2011-01,0.1986,0,2,0.0
citalopram,2011-02,-0.1956,0,1,0.0
citalopram,2011-04,0.09584000000000001,2,5,0.4
citalopram,2011-05,0.06646666666666666,2,6,0.3333333333333333
citalopram,2011-06,0.128575,1,4,0.25
citalopram,2011-07,0.04239999999999999,1,3,0.3333333333333333
citalopram,2011-08,-0.04013333333333333,3,3,1.0
citalopram,2011-09,0.2122,2,2,1.0
citalopram,2011-10,0.12513333333333335,1,3,0.3333333333333333
citalopram,2011-11,0.03150000000000001,2,3,0.6666666666666666
citalopram,2011-12,-0.04043999999999999,3,5,0.6
citalopram,2012-01,-0.1444,0,2,0.0
citalopram,2012-02,-0.0925,0,2,0.0
citalopram,2012-03,-0.0183,2,3,0.6666666666666666
citalopram,2012-04,0.067025,1,4,0.25
citalopram,2012-05,0.1708,0,1,0.0
citalopram,2012-06,0.32915,0,2,0.0
citalopram,2012-07,-0.02068571428571429,0,7,0.0
citalopram,2012-08,-0.0274,1,4,0.25
citalopram,2012-09,0.14983333333333335,1,3,0.3333333333333333
citalopram,2012-10,-0.0833,0,1,0.0
citalopram,2012-11,0.17238333333333333,0,6,0.0
citalopram,2012-12,-0.005099999999999997,0,4,0.0
citalopram,2013-01,0.006675000000000002,2,4,0.5
citalopram,2013-02,0.003366666666666666,1,3,0.3333333333333333
citalopram,2013-03,-0.025399999999999992,0,2,0.0
citalopram,2013-04,0.1063,0,1,0.0
citalopram,2013-05,0.25415,0,2,0.0
citalopram,2013-06,-0.1582,1,2,0.5
citalopram,2013-07,-0.0594,0,1,0.0
citalopram,2013-08,0.26866666666666666,1,3,0.3333333333333333
citalopram,2013-09,0.1262,0,1,0.0
citalopram,2013-10,0.07315,2,6,0.3333333333333333
citalopram,2013-11,0.04215000000000002,1,4,0.25
citalopram,2013-12,0.10310000000000001,1,4,0.25
citalopram,2014-01,-0.00474999999999999,1,2,0.5
citalopram,2014-02,0.13,1,2,0.5
citalopram,2014-03,-0.35,0,1,0.0
citalopram,2014-04,0.02415,2,2,1.0
citalopram,2014-05,-0.1661857142857143,1,7,0.14285714285714285
citalopram,2014-06,0.2625,0,2,0.0
citalopram,2014-07,0.27997500000000003,0,4,0.0
citalopram,2014-08,0.25570000000000004,2,4,0.5
citalopram,2014-09,0.13992,1,5,0.2
citalopram,2014-10,0.0806,1,1,1.0
citalopram,2014-11,0.0627,1,1,1.0
citalopram,2014-12,0.06540000000000001,2,5,0.4
citalopram,2015-01,0.07311666666666666,4,12,0.3333333333333333
citalopram,2015-02,-0.04766666666666667,1,3,0.3333333333333333
citalopram,2015-03,-0.01937777777777778,0,9,0.0
citalopram,2015-04,-0.027000000000000007,3,7,0.42857142857142855
citalopram,2015-05,0.09240000000000001,1,2,0.5
citalopram,2015-06,0.3029,1,4,0.25
citalopram,2015-07,-0.017828571428571426,3,7,0.42857142857142855
citalopram,2015-08,0.096,1,5,0.2
citalopram,2015-09,-0.23646666666666669,0,3,0.0
citalopram,2015-10,-0.15476666666666666,3,9,0.3333333333333333
citalopram,2015-11,-0.013850000000000001,2,6,0.3333333333333333
citalopram,2015-12,0.04988,6,10,0.6
citalopram,2016-01,-0.0907,1,12,0.08333333333333333
citalopram,2016-02,-0.03248000000000001,1,10,0.1
citalopram,2016-03,-0.0364,2,5,0.4
citalopram,2016-04,0.012000000000000002,2,3,0.6666666666666666
citalopram,2016-05,-0.16662,1,5,0.2
citalopram,2016-06,-0.10426666666666667,1,6,0.16666666666666666
citalopram,2016-07,-0.007274999999999999,4,8,0.5
citalopram,2016-08,0.052700000000000004,3,4,0.75
citalopram,2016-09,-0.044879999999999996,0,5,0.0
citalopram,2016-10,0.05183333333333334,0,3,0.0
citalopram,2016-11,0.1361625,2,8,0.25
citalopram,2016-12,-0.08411428571428571,2,7,0.2857142857142857
citalopram,2017-01,0.05073333333333333,0,3,0.0
citalopram,2017-02,-0.03501428571428572,1,7,0.14285714285714285
citalopram,2017-03,0.17193333333333335,0,6,0.0
citalopram,2017-04,-0.02679166666666667,3,12,0.25
citalopram,2017-05,0.023587499999999997,1,8,0.125
citalopram,2017-06,0.16083333333333333,2,9,0.2222222222222222
citalopram,2017-07,-0.0083125,1,8,0.125
citalopram,2017-08,0.0301,3,6,0.5
citalopram,2017-09,0.07803333333333333,2,6,0.3333333333333333
citalopram,2017-10,0.0222,0,1,0.0
citalopram,2017-11,-0.0591,1,1,1.0
citalopram,2017-12,0.075,0,1,0.0
clonazepam,2008-03,0.2455,0,2,0.0
clonazepam,2008-04,0.0,1,2,0.5
clonazepam,2008-05,0.065,1,1,1.0
clonazepam,2008-07,0.36105,0,2,0.0
clonazepam,2008-08,0.0,0,1,0.0
clonazepam,2008-09,0.022500000000000006,0,2,0.0
clonazepam,2008-10,0.41986666666666667,0,3,0.0
clonazepam,2008-11,0.5,0,2,0.0
clonazepam,2008-12,0.5,0,1,0.0
clonazepam,2009-01,0.1875,0,1,0.0
clonazepam,2009-02,-0.002966666666666636,1,3,0.3333333333333333
clonazepam,2009-03,-0.07293333333333334,0,3,0.0
clonazepam,2009-04,-0.0883,0,1,0.0
clonazepam,2009-05,0.62155,0,2,0.0
clonazepam,2009-06,0.20273333333333332,0,3,0.0
clonazepam,2009-07,0.1926,0,1,0.0
clonazepam,2009-08,0.504625,0,4,0.0
clonazepam,2009-09,0.03966666666666667,1,3,0.3333333333333333
clonazepam,2009-10,0.10076666666666667,0,3,0.0
clonazepam,2009-11,-0.029033333333333338,1,3,0.3333333333333333
clonazepam,2009-12,0.15556666666666666,0,3,0.0
clonazepam,2010-02,0.2145,0,2,0.0
clonazepam,2010-03,0.02295999999999999,1,5,0.2
clonazepam,2010-04,0.0708,0,1,0.0
clonazepam,2010-06,0.1149,0,1,0.0
clonazepam,2010-07,0.16,0,5,0.0
clonazepam,2010-09,0.2375,0,1,0.0
clonazepam,2010-10,-0.0036,0,1,0.0
clonazepam,2011-01,0.114575,0,4,0.0
clonazepam,2011-02,0.1333,0,1,0.0
clonazepam,2011-04,0.8,0,1,0.0
clonazepam,2011-06,0.4192,1,3,0.3333333333333333
clonazepam,2011-07,-0.1556,0,1,0.0
clonazepam,2011-08,0.042800000000000005,0,3,0.0
clonazepam,2011-10,0.35,0,2,0.0
clonazepam,2011-11,0.2146,0,2,0.0
clonazepam,2011-12,-0.012700000000000001,2,3,0.6666666666666666
clonazepam,2012-01,0.0667,0,1,0.0
clonazepam,2012-02,0.24583333333333335,0,3,0.0
clonazepam,2012-03,-0.15864999999999999,1,2,0.5
clonazepam,2012-04,0.05635,1,2,0.5
clonazepam,2012-05,0.0295,0,1,0.0
clonazepam,2012-06,0.4,0,1,0.0
clonazepam,2012-07,0.49583333333333335,0,3,0.0
clonazepam,2012-08,-0.1625,0,1,0.0
clonazepam,2012-09,-0.021,0,1,0.0
clonazepam,2012-10,0.075,0,2,0.0
clonazepam,2012-11,0.375,0,2,0.0
clonazepam,2012-12,0.27325,0,2,0.0
clonazepam,2013-01,-0.1123,0,3,0.0
clonazepam,2013-03,0.18665,1,4,0.25
clonazepam,2013-04,0.10136,0,5,0.0
clonazepam,2013-05,0.07794999999999999,1,2,0.5
clonazepam,2013-06,0.08613333333333333,1,3,0.3333333333333333
clonazepam,2013-07,0.0639,0,3,0.0
clonazepam,2013-08,0.07763333333333333,0,3,0.0
clonazepam,2013-09,0.04515,0,4,0.0
clonazepam,2013-10,0.06696666666666667,1,3,0.3333333333333333
clonazepam,2013-11,0.0413,2,2,1.0
clonazepam,2013-12,0.3007,1,4,0.25
clonazepam,2014-02,-0.0857,0,2,0.0
clonazepam,2014-03,0.1284,0,4,0.0
clonazepam,2014-04,0.12582,0,5,0.0
clonazepam,2014-05,0.25035999999999997,0,5,0.0
clonazepam,2014-06,0.1528,0,1,0.0
clonazepam,2014-07,0.1647,0,4,0.0
clonazepam,2014-08,0.07356,2,5,0.4
clonazepam,2014-09,0.083475,0,4,0.0
clonazepam,2014-10,0.07289999999999999,0,2,0.0
clonazepam,2014-11,0.38893333333333335,1,3,0.3333333333333333
clonazepam,2014-12,-0.025,0,1,0.0
clonazepam,2015-01,-0.0472,1,1,1.0
clonazepam,2015-02,0.1108,0,1,0.0
clonazepam,2015-03,-0.011674999999999998,0,4,0.0
clonazepam,2015-04,0.12050000000000001,0,5,0.0
clonazepam,2015-05,-0.07139999999999999,1,4,0.25
clonazepam,2015-06,0.6,0,1,0.0
clonazepam,2015-07,0.09883333333333333,1,6,0.16666666666666666
clonazepam,2015-08,0.22545,2,6,0.3333333333333333
clonazepam,2015-09,-0.005344444444444442,1,9,0.1111111111111111
clonazepam,2015-10,-0.0616,0,7,0.0
clonazepam,2015-11,0.3044,0,4,0.0
clonazepam,2015-12,0.08961428571428572,0,7,0.0
clonazepam,2016-01,0.03091,1,10,0.1
clonazepam,2016-02,-0.07521111111111112,3,9,0.3333333333333333
clonazepam,2016-03,0.10281666666666667,1,6,0.16666666666666666
clonazepam,2016-04,0.04545714285714287,0,7,0.0
clonazepam,2016-05,-0.06885714285714287,3,7,0.42857142857142855
clonazepam,2016-06,-0.018140000000000003,0,5,0.0
clonazepam,2016-07,0.1211,0,2,0.0
clonazepam,2016-08,-0.140525,0,4,0.0
clonazepam,2016-09,0.12848,0,5,0.0
clonazepam,2016-10,0.08539999999999999,0,3,0.0
clonazepam,2016-11,-0.010428571428571428,1,7,0.14285714285714285
clonazepam,2016-12,0.017349999999999997,1,4,0.25
clonazepam,2017-01,-0.057,3,3,1.0
clonazepam,2017-02,0.2346,1,2,0.5
clonazepam,2017-03,-0.009250000000000003,0,6,0.0
clonazepam,2017-04,0.08635,3,6,0.5
clonazepam,2017-05,0.08492000000000001,0,5,0.0
clonazepam,2017-06,-0.0479,1,3,0.3333333333333333
clonazepam,2017-07,0.16765,0,4,0.0
clonazepam,2017-08,-0.07214999999999999,1,2,0.5
clonazepam,2017-09,0.15353333333333333,1,3,0.3333333333333333
clonazepam,2017-10,0.02115,1,4,0.25
clonazepam,2017-11,0.07507499999999999,1,8,0.125
contrave,2014-12,-0.27736666666666665,2,3,0.6666666666666666
contrave,2015-01,0.0956,1,9,0.1111111111111111
contrave,2015-02,0.24695,0,4,0.0
contrave,2015-03,0.1611357142857143,1,14,0.07142857142857142
contrave,2015-04,0.030939999999999995,2,20,0.1
contrave,2015-05,0.025384210526315787,2,19,0.10526315789473684
contrave,2015-06,0.052588888888888886,0,9,0.0
contrave,2015-07,0.00716842105263158,1,19,0.05263157894736842
contrave,2015-08,0.09262666666666666,0,15,0.0
contrave,2015-09,0.045500000000000006,5,19,0.2631578947368421
contrave,2015-10,0.11024615384615385,2,13,0.15384615384615385
contrave,2015-11,-0.020530769230769234,1,13,0.07692307692307693
contrave,2015-12,0.03606818181818182,1,22,0.045454545454545456
contrave,2016-01,0.12139090909090909,0,11,0.0
contrave,2016-02,-0.005600000000000005,2,17,0.11764705882352941
contrave,2016-03,-0.030135714285714287,4,14,0.2857142857142857
contrave,2016-04,-0.056746666666666674,5,15,0.3333333333333333
contrave,2016-05,0.08308181818181819,2,11,0.18181818181818182
contrave,2016-06,0.10880000000000001,0,6,0.0
contrave,2016-07,0.04605,2,10,0.2
contrave,2016-08,0.05032142857142857,0,14,0.0
contrave,2016-09,0.0117,1,7,0.14285714285714285
contrave,2016-10,0.03761111111111111,1,9,0.1111111111111111
contrave,2016-11,0.05875,1,6,0.16666666666666666
contrave,2016-12,0.011314285714285712,0,7,0.0
contrave,2017-01,0.10872222222222222,3,18,0.16666666666666666
contrave,2017-02,-0.05413913043478261,3,23,0.13043478260869565
contrave,2017-03,0.052528125,6,32,0.1875
contrave,2017-04,0.0652875,3,24,0.125
contrave,2017-05,0.06561666666666667,1,24,0.041666666666666664
contrave,2017-06,0.1046421052631579,1,19,0.05263157894736842
contrave,2017-07,0.010630769230769221,0,13,0.0
contrave,2017-08,-0.034833333333333334,3,9,0.3333333333333333
contrave,2017-09,-0.00341818181818182,2,11,0.18181818181818182
contrave,2017-10,-0.11227500000000001,1,8,0.125
contrave,2017-11,0.0895909090909091,3,11,0.2727272727272727
contrave,2017-12,0.20984999999999998,0,2,0.0
copper,2013-10,0.0826,0,1,0.0
copper,2014-03,-0.2955,1,1,1.0
copper,2014-04,0.0571,0,1,0.0
copper,2014-05,0.03825,0,2,0.0
copper,2014-06,-0.2667,0,1,0.0
copper,2014-07,0.208,0,1,0.0
copper,2014-09,-0.0944,1,1,1.0
copper,2014-10,0.19,0,2,0.0
copper,2014-11,-0.1946,1,1,1.0
copper,2014-12,-0.1245,0,1,0.0
copper,2015-01,-0.1082,0,1,0.0
copper,2015-02,0.062224999999999996,0,4,0.0
copper,2015-03,0.058725,0,8,0.0
copper,2015-04,0.05563333333333333,0,6,0.0
copper,2015-05,-0.010837499999999998,1,16,0.0625
copper,2015-06,0.032100000000000004,1,13,0.07692307692307693
copper,2015-07,0.02273,1,10,0.1
copper,2015-08,0.08931538461538462,2,13,0.15384615384615385
copper,2015-09,0.06770625,1,16,0.0625
copper,2015-10,0.024961538461538462,1,13,0.07692307692307693
copper,2015-11,0.019599999999999996,0,8,0.0
copper,2015-12,0.07221428571428572,1,14,0.07142857142857142
copper,2016-01,0.02773000000000001,0,10,0.0
copper,2016-02,-0.06538823529411764,3,17,0.17647058823529413
copper,2016-03,0.14454285714285714,0,7,0.0
copper,2016-04,0.026240000000000006,0,5,0.0
copper,2016-05,0.010266666666666669,1,15,0.06666666666666667
copper,2016-06,0.03233333333333334,0,9,0.0
copper,2016-07,-0.0037624999999999985,0,8,0.0
copper,2016-08,-0.007773333333333336,3,15,0.2
copper,2016-09,0.05770000000000001,0,5,0.0
copper,2016-10,0.06874000000000001,1,5,0.2
copper,2016-11,-0.08261111111111112,1,9,0.1111111111111111
copper,2016-12,-0.08079,2,10,0.2
copper,2017-01,0.16945000000000002,1,6,0.16666666666666666
copper,2017-02,0.03856,0,10,0.0
copper,2017-03,0.050475000000000006,3,16,0.1875
copper,2017-04,-0.0007727272727272735,1,11,0.09090909090909091
copper,2017-05,0.022676190476190478,2,21,0.09523809523809523
copper,2017-06,-0.036229411764705885,3,17,0.17647058823529413
copper,2017-07,0.04747916666666666,4,24,0.16666666666666666
copper,2017-08,-0.011076923076923078,1,13,0.07692307692307693
copper,2017-09,-0.062380000000000005,2,20,0.1
copper,2017-10,0.018247368421052634,2,19,0.10526315789473684
copper,2017-11,-0.2064923076923077,1,13,0.07692307692307693
copper,2017-12,-0.1742,0,1,0.0
cymbalta,2008-03,0.2764,0,3,0.0
cymbalta,2008-04,0.3,0,2,0.0
cymbalta,2008-05,0.09176666666666666,1,3,0.3333333333333333
cymbalta,2008-06,0.1733,0,2,0.0
cymbalta,2008-08,0.2524,0,1,0.0
cymbalta,2008-10,0.162925,1,4,0.25
cymbalta,2008-11,0.3,0,1,0.0
cymbalta,2008-12,-0.15,0,1,0.0
cymbalta,2009-01,0.08396666666666668,0,3,0.0
cymbalta,2009-03,0.1657,0,9,0.0
cymbalta,2009-04,-0.08665,1,8,0.125
cymbalta,2009-05,-0.085375,0,4,0.0
cymbalta,2009-06,0.1325777777777778,4,9,0.4444444444444444
cymbalta,2009-07,-0.10665,1,2,0.5
cymbalta,2009-08,0.013399999999999999,0,7,0.0
cymbalta,2009-09,-0.0705,1,6,0.16666666666666666
cymbalta,2009-10,0.09898333333333333,1,6,0.16666666666666666
cymbalta,2009-11,-0.003266666666666669,2,6,0.3333333333333333
cymbalta,2009-12,0.08220000000000001,0,2,0.0
cymbalta,2010-01,-0.13722499999999999,3,4,0.75
cymbalta,2010-02,-0.031549999999999995,0,4,0.0
cymbalta,2010-03,0.04998333333333333,1,6,0.16666666666666666
cymbalta,2010-04,0.2261,0,2,0.0
cymbalta,2010-05,-0.044500000000000005,1,3,0.3333333333333333
cymbalta,2010-08,-0.08092857142857143,3,7,0.42857142857142855
cymbalta,2010-09,0.02986666666666667,0,3,0.0
cymbalta,2010-10,0.245,0,1,0.0
cymbalta,2010-11,0.10922000000000001,0,5,0.0
cymbalta,2010-12,-0.12283333333333334,0,3,0.0
cymbalta,2011-01,0.016816666666666667,1,6,0.16666666666666666
cymbalta,2011-02,0.2071,0,1,0.0
cymbalta,2011-03,0.0682,0,2,0.0
cymbalta,2011-04,0.175,0,1,0.0
cymbalta,2011-05,-0.030675,2,4,0.5
cymbalta,2011-06,-0.1095125,2,8,0.25
cymbalta,2011-07,0.12409999999999999,1,7,0.14285714285714285
cymbalta,2011-08,0.053880000000000004,0,5,0.0
cymbalta,2011-09,-0.17992000000000002,1,5,0.2
cymbalta,2011-10,0.052774999999999996,1,4,0.25
cymbalta,2011-11,-0.18005000000000002,1,4,0.25
cymbalta,2011-12,-0.06220000000000001,5,10,0.5
cymbalta,2012-01,0.2165,1,3,0.3333333333333333
cymbalta,2012-02,0.040025,1,4,0.25
cymbalta,2012-03,-0.003583333333333334,0,6,0.0
cymbalta,2012-04,0.03116,1,5,0.2
cymbalta,2012-05,0.25980000000000003,1,4,0.25
cymbalta,2012-06,0.425,0,1,0.0
cymbalta,2012-07,0.3842,0,1,0.0
cymbalta,2012-08,0.002979999999999999,3,5,0.6
cymbalta,2012-09,-0.06885,2,4,0.5
cymbalta,2012-10,-0.08045,1,4,0.25
cymbalta,2012-11,0.10626666666666666,1,3,0.3333333333333333
cymbalta,2012-12,0.09809999999999999,0,4,0.0
cymbalta,2013-01,0.137,0,5,0.0
cymbalta,2013-02,-0.08444999999999998,2,6,0.3333333333333333
cymbalta,2013-03,-0.018240000000000003,0,5,0.0
cymbalta,2013-04,0.09387999999999999,1,5,0.2
cymbalta,2013-05,0.3425,0,4,0.0
cymbalta,2013-06,0.011833333333333336,1,3,0.3333333333333333
cymbalta,2013-07,0.09582857142857142,1,7,0.14285714285714285
cymbalta,2013-08,0.1004,1,3,0.3333333333333333
cymbalta,2013-09,0.08412,1,5,0.2
cymbalta,2013-10,0.022466666666666673,0,6,0.0
cymbalta,2013-11,0.25,0,1,0.0
cymbalta,2013-12,0.0302,0,1,0.0
cymbalta,2014-01,0.125,0,2,0.0
cymbalta,2014-02,-0.03125,0,2,0.0
cymbalta,2014-03,0.3073,0,1,0.0
cymbalta,2014-04,0.09875,2,4,0.5
cymbalta,2014-05,0.2836,0,3,0.0
cymbalta,2014-06,0.1241,1,1,1.0
cymbalta,2014-07,0.18546666666666667,1,3,0.3333333333333333
cymbalta,2014-08,0.05826666666666667,2,3,0.6666666666666666
cymbalta,2014-09,0.3766,0,1,0.0
cymbalta,2014-10,0.20432,0,5,0.0
cymbalta,2014-11,0.040575,1,4,0.25
cymbalta,2014-12,0.07023333333333333,1,3,0.3333333333333333
cymbalta,2015-01,0.015550000000000001,0,4,0.0
cymbalta,2015-02,0.028950000000000004,3,6,0.5
cymbalta,2015-03,-0.175425,0,4,0.0
cymbalta,2015-04,0.1116,0,4,0.0
cymbalta,2015-05,-0.09481666666666666,1,6,0.16666666666666666
cymbalta,2015-06,-0.17708,3,5,0.6
cymbalta,2015-07,0.13793333333333332,2,6,0.3333333333333333
cymbalta,2015-08,-0.12585,1,6,0.16666666666666666
cymbalta,2015-09,0.17843333333333333,1,3,0.3333333333333333
cymbalta,2015-10,0.020266666666666665,2,9,0.2222222222222222
cymbalta,2015-11,0.04335714285714286,0,7,0.0
cymbalta,2015-12,0.0948,1,5,0.2
cymbalta,2016-01,-0.036033333333333334,2,6,0.3333333333333333
cymbalta,2016-02,-0.29564285714285715,3,7,0.42857142857142855
cymbalta,2016-03,-0.11549999999999999,2,6,0.3333333333333333
cymbalta,2016-04,0.008825,0,4,0.0
cymbalta,2016-05,0.01655000000000001,2,6,0.3333333333333333
cymbalta,2016-06,0.037759999999999995,3,5,0.6
cymbalta,2016-07,-0.1605111111111111,2,9,0.2222222222222222
cymbalta,2016-08,0.11874,2,5,0.4
cymbalta,2016-09,0.12384285714285714,0,7,0.0
cymbalta,2016-10,-0.1312,0,1,0.0
cymbalta,2016-11,0.07129999999999999,0,3,0.0
cymbalta,2016-12,-0.06720999999999999,1,10,0.1
cymbalta,2017-01,-0.01695,2,10,0.2
cymbalta,2017-02,-0.11864000000000001,0,5,0.0
cymbalta,2017-03,-0.09808571428571429,0,7,0.0
cymbalta,2017-04,0.026975,1,8,0.125
cymbalta,2017-05,-0.10225000000000001,1,8,0.125
cymbalta,2017-06,0.07756666666666667,1,6,0.16666666666666666
cymbalta,2017-07,-0.010200000000000008,1,4,0.25
cymbalta,2017-08,0.022225,1,4,0.25
cymbalta,2017-09,-0.07306666666666667,2,3,0.6666666666666666
cymbalta,2017-10,0.02265,0,4,0.0
cymbalta,2017-11,-0.012600000000000004,1,5,0.2
cymbalta,2017-12,0.0333,0,1,0.0
depo-provera,2009-01,0.0222,0,1,0.0
depo-provera,2009-02,-0.056249999999999994,0,2,0.0
depo-provera,2009-03,-0.0679,0,1,0.0
depo-provera,2009-05,-0.017849999999999998,2,2,1.0
depo-provera,2009-07,0.075,0,1,0.0
depo-provera,2009-08,0.5,0,1,0.0
depo-provera,2009-09,0.21933333333333335,0,3,0.0
depo-provera,2009-10,0.09725,0,2,0.0
depo-provera,2009-12,0.1234,0,3,0.0
depo-provera,2010-02,0.0317,0,1,0.0
depo-provera,2010-04,0.1848,0,1,0.0
depo-provera,2010-06,-0.0054,0,1,0.0
depo-provera,2010-09,-0.0017,0,1,0.0
depo-provera,2011-01,0.08945,0,2,0.0
depo-provera,2011-03,0.0589,0,1,0.0
depo-provera,2011-04,-0.013550000000000006,0,2,0.0
depo-provera,2011-05,0.2215,1,4,0.25
depo-provera,2011-06,0.0375,0,1,0.0
depo-provera,2011-07,0.0993,0,1,0.0
depo-provera,2011-08,-0.014100000000000001,0,3,0.0
depo-provera,2011-09,0.0734,0,3,0.0
depo-provera,2011-10,0.0892,1,4,0.25
depo-provera,2011-11,0.12050000000000001,0,4,0.0
depo-provera,2012-01,0.07977500000000001,1,4,0.25
depo-provera,2012-03,0.2757,1,2,0.5
depo-provera,2012-04,-0.2727,0,3,0.0
depo-provera,2012-05,0.0018,0,1,0.0
depo-provera,2012-06,0.1547,0,2,0.0
depo-provera,2012-07,-0.14195000000000002,0,2,0.0
depo-provera,2012-08,0.07994000000000001,0,5,0.0
depo-provera,2012-09,0.05,0,1,0.0
depo-provera,2012-10,-0.18375,0,2,0.0
depo-provera,2012-11,-0.050833333333333335,0,3,0.0
depo-provera,2012-12,0.23883333333333334,0,3,0.0
depo-provera,2013-01,0.06466666666666666,0,3,0.0
depo-provera,2013-02,-0.3,0,1,0.0
depo-provera,2013-03,-0.2233,0,1,0.0
depo-provera,2013-04,-0.0156,0,1,0.0
depo-provera,2013-05,0.20465,0,4,0.0
depo-provera,2013-06,0.2359,0,6,0.0
depo-provera,2013-07,-0.11515000000000002,0,2,0.0
depo-provera,2013-08,0.039,0,1,0.0
depo-provera,2013-09,0.1322,0,3,0.0
depo-provera,2013-10,-0.06875,0,2,0.0
depo-provera,2013-11,0.042899999999999994,0,4,0.0
depo-provera,2013-12,-0.013,0,1,0.0
depo-provera,2014-01,0.033999999999999996,0,5,0.0
depo-provera,2014-02,0.06609999999999999,0,2,0.0
depo-provera,2014-03,0.10006666666666668,0,3,0.0
depo-provera,2014-04,0.13475,0,2,0.0
depo-provera,2014-05,0.1977,0,1,0.0
depo-provera,2014-06,0.08255,0,2,0.0
depo-provera,2014-07,0.076,0,2,0.0
depo-provera,2014-08,0.11719999999999998,1,3,0.3333333333333333
depo-provera,2014-09,0.0972,1,6,0.16666666666666666
depo-provera,2014-10,0.073225,0,4,0.0
depo-provera,2014-11,-0.01978,0,5,0.0
depo-provera,2014-12,0.13285,1,4,0.25
depo-provera,2015-01,0.24887142857142858,1,7,0.14285714285714285
depo-provera,2015-02,0.2025,0,2,0.0
depo-provera,2015-03,0.0019125000000000023,1,8,0.125
depo-provera,2015-04,0.013866666666666671,0,15,0.0
depo-provera,2015-05,-0.024215789473684215,2,19,0.10526315789473684
depo-provera,2015-06,0.020314285714285712,0,7,0.0
depo-provera,2015-07,0.10132857142857143,0,7,0.0
depo-provera,2015-08,-0.022813333333333338,0,15,0.0
depo-provera,2015-09,-0.0071545454545454586,1,11,0.09090909090909091
depo-provera,2015-10,0.04996,0,15,0.0
depo-provera,2015-11,0.04297916666666667,2,24,0.08333333333333333
depo-provera,2015-12,-0.04062307692307692,0,13,0.0
depo-provera,2016-01,0.0606375,0,16,0.0
depo-provera,2016-02,0.08941,0,10,0.0
depo-provera,2016-03,-0.004199999999999999,0,19,0.0
depo-provera,2016-04,-0.0202,1,7,0.14285714285714285
depo-provera,2016-05,-0.06905555555555556,1,9,0.1111111111111111
depo-provera,2016-06,0.04576,1,5,0.2
depo-provera,2016-07,0.0024999999999999922,1,14,0.07142857142857142
depo-provera,2016-08,-0.0055833333333333325,0,18,0.0
depo-provera,2016-09,0.00649411764705883,1,17,0.058823529411764705
depo-provera,2016-10,-0.05042,0,5,0.0
depo-provera,2016-11,-0.0018700000000000023,1,10,0.1
depo-provera,2016-12,0.1037375,0,8,0.0
depo-provera,2017-01,0.025053333333333334,1,15,0.06666666666666667
depo-provera,2017-02,-0.046024999999999996,0,4,0.0
depo-provera,2017-03,0.10641,1,10,0.1
depo-provera,2017-04,-0.10445,0,10,0.0
depo-provera,2017-05,-0.08288000000000001,0,5,0.0
depo-provera,2017-06,-0.10891999999999999,0,5,0.0
depo-provera,2017-07,-0.06156999999999999,0,10,0.0
depo-provera,2017-08,0.04588571428571429,0,7,0.0
depo-provera,2017-09,-0.045785714285714284,0,7,0.0
depo-provera,2017-10,0.06115000000000001,0,2,0.0
depo-provera,2017-11,0.06365,0,2,0.0
depo-provera,2017-12,0.1681,0,1,0.0
desvenlafaxine,2008-06,0.125,0,1,0.0
desvenlafaxine,2008-08,0.14216666666666666,0,3,0.0
desvenlafaxine,2008-10,0.15323333333333333,0,3,0.0
desvenlafaxine,2008-11,-0.014,2,4,0.5
desvenlafaxine,2008-12,0.2125,1,1,1.0
desvenlafaxine,2009-01,0.0033,0,1,0.0
desvenlafaxine,2009-02,0.2236,1,6,0.16666666666666666
desvenlafaxine,2009-03,0.14359090909090907,5,11,0.45454545454545453
desvenlafaxine,2009-04,0.00811666666666667,3,6,0.5
desvenlafaxine,2009-05,0.2352,1,3,0.3333333333333333
desvenlafaxine,2009-06,0.05985000000000001,3,6,0.5
desvenlafaxine,2009-07,0.0577,4,6,0.6666666666666666
desvenlafaxine,2009-08,0.16582857142857144,2,7,0.2857142857142857
desvenlafaxine,2009-09,0.08736666666666666,1,6,0.16666666666666666
desvenlafaxine,2009-10,0.1381,4,11,0.36363636363636365
desvenlafaxine,2009-11,0.08316,2,5,0.4
desvenlafaxine,2009-12,0.09944,1,5,0.2
desvenlafaxine,2010-01,-0.015959999999999995,3,5,0.6
desvenlafaxine,2010-02,0.07796,1,5,0.2
desvenlafaxine,2010-03,0.022275000000000003,4,4,1.0
desvenlafaxine,2010-04,0.23085,2,4,0.5
desvenlafaxine,2010-05,0.177575,1,4,0.25
desvenlafaxine,2010-07,-0.09230000000000001,5,6,0.8333333333333334
desvenlafaxine,2010-08,0.147625,1,4,0.25
desvenlafaxine,2010-09,0.2216,0,1,0.0
desvenlafaxine,2010-10,0.09477999999999999,3,5,0.6
desvenlafaxine,2010-11,0.15025000000000002,1,6,0.16666666666666666
desvenlafaxine,2010-12,0.040350000000000004,2,4,0.5
desvenlafaxine,2011-01,0.148,0,2,0.0
desvenlafaxine,2011-02,0.07787142857142858,1,7,0.14285714285714285
desvenlafaxine,2011-03,0.03900000000000001,2,5,0.4
desvenlafaxine,2011-04,0.0069714285714285685,2,7,0.2857142857142857
desvenlafaxine,2011-05,0.1063,2,4,0.5
desvenlafaxine,2011-06,0.0978,0,2,0.0
desvenlafaxine,2011-07,0.08675,1,4,0.25
desvenlafaxine,2011-08,-0.10369999999999999,2,5,0.4
desvenlafaxine,2011-09,-0.04673333333333333,0,3,0.0
desvenlafaxine,2011-10,-9.999999999999731e-05,1,5,0.2
desvenlafaxine,2011-11,0.19565,1,4,0.25
desvenlafaxine,2011-12,0.19727999999999998,0,5,0.0
desvenlafaxine,2012-01,0.15936666666666668,1,3,0.3333333333333333
desvenlafaxine,2012-02,0.19010000000000002,0,3,0.0
desvenlafaxine,2012-03,0.2001,1,5,0.2
desvenlafaxine,2012-04,0.01476666666666667,0,6,0.0
desvenlafaxine,2012-05,0.176225,0,4,0.0
desvenlafaxine,2012-06,0.211375,4,4,1.0
desvenlafaxine,2012-07,0.03045000000000002,1,2,0.5
desvenlafaxine,2012-08,0.012325,1,4,0.25
desvenlafaxine,2012-09,0.12883333333333333,2,6,0.3333333333333333
desvenlafaxine,2012-10,0.024550000000000002,0,2,0.0
desvenlafaxine,2012-11,0.76,0,1,0.0
desvenlafaxine,2012-12,0.14466666666666667,1,6,0.16666666666666666
desvenlafaxine,2013-02,0.11566000000000001,1,5,0.2
desvenlafaxine,2013-03,0.4061,0,2,0.0
desvenlafaxine,2013-04,0.16396,2,5,0.4
desvenlafaxine,2013-07,0.135875,3,4,0.75
desvenlafaxine,2013-08,0.3986,0,2,0.0
desvenlafaxine,2013-09,0.079,0,1,0.0
desvenlafaxine,2013-10,0.1,1,1,1.0
desvenlafaxine,2013-11,0.1741,0,2,0.0
desvenlafaxine,2013-12,-0.0058,0,1,0.0
desvenlafaxine,2014-01,-0.036599999999999994,1,2,0.5
desvenlafaxine,2014-02,0.2542,0,1,0.0
desvenlafaxine,2014-03,-0.0817,0,1,0.0
desvenlafaxine,2014-05,0.1653,1,2,0.5
desvenlafaxine,2014-06,-0.1214,0,1,0.0
desvenlafaxine,2014-07,-0.1123,1,2,0.5
desvenlafaxine,2014-10,-0.065,1,1,1.0
desvenlafaxine,2014-11,0.11699999999999999,0,2,0.0
desvenlafaxine,2014-12,-0.18313333333333334,1,3,0.3333333333333333
desvenlafaxine,2015-02,0.2994,1,1,1.0
desvenlafaxine,2015-03,-0.05,1,1,1.0
desvenlafaxine,2015-04,0.11686,2,5,0.4
desvenlafaxine,2015-05,0.20026666666666668,0,3,0.0
desvenlafaxine,2015-06,0.1641,0,2,0.0
desvenlafaxine,2015-07,0.034800000000000005,0,3,0.0
desvenlafaxine,2015-08,0.028925,2,4,0.5
desvenlafaxine,2015-09,0.039733333333333336,0,3,0.0
desvenlafaxine,2015-10,-0.026466666666666666,1,3,0.3333333333333333
desvenlafaxine,2015-11,0.06080000000000001,0,2,0.0
desvenlafaxine,2015-12,-0.032319999999999995,1,5,0.2
desvenlafaxine,2016-01,-0.1780875,2,8,0.25
desvenlafaxine,2016-02,-0.026637500000000005,4,8,0.5
desvenlafaxine,2016-03,0.09616,2,5,0.4
desvenlafaxine,2016-04,-0.052975,3,4,0.75
desvenlafaxine,2016-05,0.06033333333333333,1,3,0.3333333333333333
desvenlafaxine,2016-06,-0.041550000000000004,1,4,0.25
desvenlafaxine,2016-07,-0.019350000000000006,1,4,0.25
desvenlafaxine,2016-08,-0.08556666666666667,0,3,0.0
desvenlafaxine,2016-10,-0.18456,1,5,0.2
desvenlafaxine,2016-11,0.16718333333333335,2,6,0.3333333333333333
desvenlafaxine,2017-01,0.055279999999999996,2,5,0.4
desvenlafaxine,2017-02,-0.14705,0,2,0.0
desvenlafaxine,2017-03,0.033650000000000006,1,2,0.5
desvenlafaxine,2017-04,0.12585,1,4,0.25
desvenlafaxine,2017-06,-0.210775,0,4,0.0
desvenlafaxine,2017-07,0.237175,2,4,0.5
desvenlafaxine,2017-08,-0.03836666666666666,2,3,0.6666666666666666
desvenlafaxine,2017-09,0.06735,1,8,0.125
desvenlafaxine,2017-10,0.20863333333333334,1,3,0.3333333333333333
desvenlafaxine,2017-11,-0.0605,1,3,0.3333333333333333
desvenlafaxine,2017-12,-0.42695000000000005,0,2,0.0
doxycycline,2008-03,0.3458,0,1,0.0
doxycycline,2008-05,0.78,0,1,0.0
doxycycline,2008-07,0.15,0,1,0.0
doxycycline,2008-08,0.15,0,1,0.0
doxycycline,2008-10,-0.0289,0,1,0.0
doxycycline,2008-11,-0.0982,0,1,0.0
doxycycline,2009-02,0.07,0,2,0.0
doxycycline,2009-03,0.186525,0,4,0.0
doxycycline,2009-04,0.0901,0,2,0.0
doxycycline,2009-06,0.16665,0,2,0.0
doxycycline,2009-07,0.006366666666666669,1,3,0.3333333333333333
doxycycline,2009-08,0.05415,0,2,0.0
doxycycline,2009-10,0.014433333333333334,1,3,0.3333333333333333
doxycycline,2009-11,-0.08312499999999999,1,4,0.25
doxycycline,2009-12,0.55,0,1,0.0
doxycycline,2010-02,-0.195,1,1,1.0
doxycycline,2010-03,0.0984,0,1,0.0
doxycycline,2010-05,0.0719,0,1,0.0
doxycycline,2010-06,0.101975,1,4,0.25
doxycycline,2010-07,0.125,0,1,0.0
doxycycline,2010-08,0.0,1,1,1.0
doxycycline,2010-09,-0.0194,0,1,0.0
doxycycline,2010-12,-0.02085,1,2,0.5
doxycycline,2011-01,-0.1765,0,1,0.0
doxycycline,2011-02,-0.4,0,1,0.0
doxycycline,2011-03,0.032100000000000004,0,2,0.0
doxycycline,2011-04,0.8,0,1,0.0
doxycycline,2011-05,0.034350000000000006,0,2,0.0
doxycycline,2011-06,0.1031,1,1,1.0
doxycycline,2011-07,-0.20415,0,2,0.0
doxycycline,2011-08,0.2941666666666667,0,3,0.0
doxycycline,2011-09,0.2182,1,1,1.0
doxycycline,2011-10,-0.05715,0,2,0.0
doxycycline,2011-11,0.0413,0,1,0.0
doxycycline,2011-12,0.008999999999999994,0,4,0.0
doxycycline,2012-01,0.0905,0,2,0.0
doxycycline,2012-03,0.175,1,1,1.0
doxycycline,2012-04,0.2594,0,1,0.0
doxycycline,2012-05,0.08353333333333333,0,3,0.0
doxycycline,2012-08,0.1034,1,2,0.5
doxycycline,2012-11,0.0481,0,1,0.0
doxycycline,2012-12,0.06339999999999998,0,4,0.0
doxycycline,2013-01,-0.08520000000000001,0,3,0.0
doxycycline,2013-02,-0.2826,1,1,1.0
doxycycline,2013-03,-0.0532,0,1,0.0
doxycycline,2013-04,0.0569,1,1,1.0
doxycycline,2013-05,0.044833333333333336,1,3,0.3333333333333333
doxycycline,2013-06,-0.0938,1,3,0.3333333333333333
doxycycline,2013-07,0.04303333333333333,1,3,0.3333333333333333
doxycycline,2013-08,0.11933333333333333,0,3,0.0
doxycycline,2013-09,0.0369,0,1,0.0
doxycycline,2013-10,-0.08683333333333333,0,3,0.0
doxycycline,2013-11,0.2646,1,4,0.25
doxycycline,2013-12,0.024825,0,4,0.0
doxycycline,2014-01,0.035239999999999994,0,5,0.0
doxycycline,2014-02,0.06369999999999999,0,2,0.0
doxycycline,2014-03,-0.0546,0,1,0.0
doxycycline,2014-04,0.005400000000000009,0,4,0.0
doxycycline,2014-05,-0.0319,1,1,1.0
doxycycline,2014-06,0.1079,0,1,0.0
doxycycline,2014-07,0.24719999999999998,0,2,0.0
doxycycline,2014-08,0.22,0,1,0.0
doxycycline,2014-09,0.21555000000000002,0,4,0.0
doxycycline,2014-10,0.43333333333333335,0,3,0.0
doxycycline,2014-11,-0.5176,0,2,0.0
doxycycline,2014-12,0.07325,0,4,0.0
doxycycline,2015-01,0.3841666666666666,0,3,0.0
doxycycline,2015-02,-0.20610000000000003,1,3,0.3333333333333333
doxycycline,2015-03,0.1385,0,4,0.0
doxycycline,2015-04,-0.029500000000000002,0,4,0.0
doxycycline,2015-05,-0.0016500000000000022,2,4,0.5
doxycycline,2015-06,0.09031249999999999,1,8,0.125
doxycycline,2015-07,0.096375,2,8,0.25
doxycycline,2015-08,-0.015728571428571425,2,7,0.2857142857142857
doxycycline,2015-09,0.011433333333333332,1,6,0.16666666666666666
doxycycline,2015-10,-0.019766666666666672,1,6,0.16666666666666666
doxycycline,2015-11,0.075725,1,4,0.25
doxycycline,2015-12,0.06018,0,10,0.0
doxycycline,2016-01,0.12235833333333335,1,12,0.08333333333333333
doxycycline,2016-02,-0.0784875,1,8,0.125
doxycycline,2016-03,0.06259999999999999,1,7,0.14285714285714285
doxycycline,2016-04,-0.00021999999999999797,2,10,0.2
doxycycline,2016-05,0.0086375,2,8,0.25
doxycycline,2016-06,-0.09764000000000002,1,5,0.2
doxycycline,2016-07,-0.0669875,2,8,0.25
doxycycline,2016-08,-0.12999166666666664,1,12,0.08333333333333333
doxycycline,2016-09,-0.05230000000000001,0,6,0.0
doxycycline,2016-10,-0.06444166666666667,2,12,0.16666666666666666
doxycycline,2016-11,-0.038224999999999995,1,4,0.25
doxycycline,2016-12,-0.0842,4,11,0.36363636363636365
doxycycline,2017-01,0.013381818181818182,2,11,0.18181818181818182
doxycycline,2017-02,-0.07813333333333333,2,12,0.16666666666666666
doxycycline,2017-03,-0.05307272727272727,6,11,0.5454545454545454
doxycycline,2017-04,-0.09141428571428571,1,7,0.14285714285714285
doxycycline,2017-05,-0.07122666666666667,2,15,0.13333333333333333
doxycycline,2017-06,0.10505714285714285,1,7,0.14285714285714285
doxycycline,2017-07,-0.1062375,0,8,0.0
doxycycline,2017-08,-0.0277,0,3,0.0
doxycycline,2017-09,-0.0755,1,8,0.125
doxycycline,2017-10,0.0444,1,5,0.2
doxycycline,2017-11,-0.19030000000000002,0,2,0.0
doxycycline,2017-12,-0.1933,0,1,0.0
drospirenone / ethinyl estradiol,2008-03,-0.1829,0,1,0.0
drospirenone / ethinyl estradiol,2008-04,0.11513333333333332,1,3,0.3333333333333333
drospirenone / ethinyl estradiol,2008-05,0.12236666666666667,2,3,0.6666666666666666
drospirenone / ethinyl estradiol,2008-06,0.45,0,1,0.0
drospirenone / ethinyl estradiol,2008-08,0.25,0,1,0.0
drospirenone / ethinyl estradiol,2008-09,0.1236,0,1,0.0
drospirenone / ethinyl estradiol,2008-12,0.3472,0,1,0.0
drospirenone / ethinyl estradiol,2009-01,-0.01510000000000001,1,2,0.5
drospirenone / ethinyl estradiol,2009-02,0.007133333333333334,0,3,0.0
drospirenone / ethinyl estradiol,2009-03,-0.07339999999999999,1,2,0.5
drospirenone / ethinyl estradiol,2009-05,0.15513333333333335,1,3,0.3333333333333333
drospirenone / ethinyl estradiol,2009-06,-0.018725000000000006,0,4,0.0
drospirenone / ethinyl estradiol,2009-07,0.055299999999999995,2,3,0.6666666666666666
drospirenone / ethinyl estradiol,2009-08,-0.03266666666666667,3,3,1.0
drospirenone / ethinyl estradiol,2009-09,0.02912,0,5,0.0
drospirenone / ethinyl estradiol,2009-10,-0.025959999999999993,3,10,0.3
drospirenone / ethinyl estradiol,2009-11,0.03864444444444445,2,9,0.2222222222222222
drospirenone / ethinyl estradiol,2009-12,0.010600000000000007,2,7,0.2857142857142857
drospirenone / ethinyl estradiol,2010-01,0.04516666666666666,3,6,0.5
drospirenone / ethinyl estradiol,2010-02,-0.22335,1,2,0.5
drospirenone / ethinyl estradiol,2010-03,-0.0005,0,1,0.0
drospirenone / ethinyl estradiol,2010-04,0.18330000000000002,0,2,0.0
drospirenone / ethinyl estradiol,2010-05,0.043199999999999995,2,4,0.5
drospirenone / ethinyl estradiol,2010-06,-0.029925,2,4,0.5
drospirenone / ethinyl estradiol,2010-07,-0.006733333333333332,0,3,0.0
drospirenone / ethinyl estradiol,2010-08,-0.02285000000000001,1,4,0.25
drospirenone / ethinyl estradiol,2010-09,0.011100000000000006,1,2,0.5
drospirenone / ethinyl estradiol,2010-10,0.06992,3,5,0.6
drospirenone / ethinyl estradiol,2010-11,-0.1518,0,2,0.0
drospirenone / ethinyl estradiol,2010-12,-0.15,2,3,0.6666666666666666
drospirenone / ethinyl estradiol,2011-01,-0.0042,1,3,0.3333333333333333
drospirenone / ethinyl estradiol,2011-02,0.0682,1,3,0.3333333333333333
drospirenone / ethinyl estradiol,2011-03,0.0121,1,4,0.25
drospirenone / ethinyl estradiol,2011-04,0.044500000000000005,2,6,0.3333333333333333
drospirenone / ethinyl estradiol,2011-06,0.007400000000000018,0,3,0.0
drospirenone / ethinyl estradiol,2011-07,-0.0188,3,5,0.6
drospirenone / ethinyl estradiol,2011-08,0.0,0,1,0.0
drospirenone / ethinyl estradiol,2011-09,-0.018599999999999988,1,3,0.3333333333333333
drospirenone / ethinyl estradiol,2011-10,0.013779999999999997,3,10,0.3
drospirenone / ethinyl estradiol,2011-11,0.15955,0,2,0.0
drospirenone / ethinyl estradiol,2011-12,0.06048,3,5,0.6
drospirenone / ethinyl estradiol,2012-01,0.01446,2,5,0.4
drospirenone / ethinyl estradiol,2012-02,0.0163,0,1,0.0
drospirenone / ethinyl estradiol,2012-03,0.10115,0,4,0.0
drospirenone / ethinyl estradiol,2012-04,0.005249999999999998,1,2,0.5
drospirenone / ethinyl estradiol,2012-05,-0.0294,3,5,0.6
drospirenone / ethinyl estradiol,2012-06,0.11015,0,2,0.0
drospirenone / ethinyl estradiol,2012-07,-0.25884999999999997,0,2,0.0
drospirenone / ethinyl estradiol,2012-08,-0.023850000000000003,0,2,0.0
drospirenone / ethinyl estradiol,2012-09,0.09845,0,2,0.0
drospirenone / ethinyl estradiol,2012-10,-0.0222,1,1,1.0
drospirenone / ethinyl estradiol,2012-11,0.037224999999999994,1,4,0.25
drospirenone / ethinyl estradiol,2012-12,0.22685,1,2,0.5
drospirenone / ethinyl estradiol,2013-01,0.06615,1,6,0.16666666666666666
drospirenone / ethinyl estradiol,2013-02,0.0362,1,1,1.0
drospirenone / ethinyl estradiol,2013-03,0.0626,0,2,0.0
drospirenone / ethinyl estradiol,2013-04,0.06896,0,5,0.0
drospirenone / ethinyl estradiol,2013-05,0.0436,0,1,0.0
drospirenone / ethinyl estradiol,2013-06,0.0116,1,3,0.3333333333333333
drospirenone / ethinyl estradiol,2013-08,0.036757142857142856,2,7,0.2857142857142857
drospirenone / ethinyl estradiol,2013-09,0.0704,1,2,0.5
drospirenone / ethinyl estradiol,2013-10,-0.0843,2,2,1.0
drospirenone / ethinyl estradiol,2013-11,0.0043,1,1,1.0
drospirenone / ethinyl estradiol,2013-12,0.23989999999999997,1,4,0.25
drospirenone / ethinyl estradiol,2014-02,0.1169,0,3,0.0
drospirenone / ethinyl estradiol,2014-03,0.15195,0,2,0.0
drospirenone / ethinyl estradiol,2014-04,0.2833,0,1,0.0
drospirenone / ethinyl estradiol,2014-05,0.1113,1,2,0.5
drospirenone / ethinyl estradiol,2014-06,0.21434999999999998,0,2,0.0
drospirenone / ethinyl estradiol,2014-07,-0.11316666666666668,1,3,0.3333333333333333
drospirenone / ethinyl estradiol,2014-09,0.11934999999999998,1,4,0.25
drospirenone / ethinyl estradiol,2014-10,0.057875,2,4,0.5
drospirenone / ethinyl estradiol,2014-11,0.12843333333333332,0,3,0.0
drospirenone / ethinyl estradiol,2014-12,0.055825,1,4,0.25
drospirenone / ethinyl estradiol,2015-01,0.1458,0,1,0.0
drospirenone / ethinyl estradiol,2015-02,0.3875,1,1,1.0
drospirenone / ethinyl estradiol,2015-03,-0.14679999999999999,1,2,0.5
drospirenone / ethinyl estradiol,2015-04,-0.054333333333333324,3,3,1.0
drospirenone / ethinyl estradiol,2015-05,0.011800000000000005,2,3,0.6666666666666666
drospirenone / ethinyl estradiol,2015-06,0.02024,2,5,0.4
drospirenone / ethinyl estradiol,2015-07,0.22173333333333334,1,6,0.16666666666666666
drospirenone / ethinyl estradiol,2015-08,-0.10755,2,8,0.25
drospirenone / ethinyl estradiol,2015-09,-0.09072857142857142,1,7,0.14285714285714285
drospirenone / ethinyl estradiol,2015-10,0.2562333333333333,2,3,0.6666666666666666
drospirenone / ethinyl estradiol,2015-11,-0.16201000000000002,4,10,0.4
drospirenone / ethinyl estradiol,2015-12,0.017499999999999998,0,5,0.0
drospirenone / ethinyl estradiol,2016-01,0.019680000000000003,3,10,0.3
drospirenone / ethinyl estradiol,2016-02,0.048641666666666666,2,12,0.16666666666666666
drospirenone / ethinyl estradiol,2016-03,-0.06116666666666667,0,6,0.0
drospirenone / ethinyl estradiol,2016-04,0.12884,2,5,0.4
drospirenone / ethinyl estradiol,2016-05,-0.031569999999999994,3,10,0.3
drospirenone / ethinyl estradiol,2016-06,-0.058949999999999995,3,8,0.375
drospirenone / ethinyl estradiol,2016-07,0.09182857142857144,1,7,0.14285714285714285
drospirenone / ethinyl estradiol,2016-08,-0.11694166666666667,4,12,0.3333333333333333
drospirenone / ethinyl estradiol,2016-09,-0.027999999999999994,8,13,0.6153846153846154
drospirenone / ethinyl estradiol,2016-10,-0.06725,1,8,0.125
drospirenone / ethinyl estradiol,2016-11,-0.05995454545454546,4,11,0.36363636363636365
drospirenone / ethinyl estradiol,2016-12,-0.02400714285714286,4,14,0.2857142857142857
drospirenone / ethinyl estradiol,2017-01,0.03806,3,5,0.6
drospirenone / ethinyl estradiol,2017-02,0.00046923076923076454,2,13,0.15384615384615385
drospirenone / ethinyl estradiol,2017-03,-0.03534999999999999,0,8,0.0
drospirenone / ethinyl estradiol,2017-04,0.06461428571428572,1,7,0.14285714285714285
drospirenone / ethinyl estradiol,2017-05,-0.07251666666666667,0,6,0.0
drospirenone / ethinyl estradiol,2017-06,0.0014750000000000006,1,8,0.125
drospirenone / ethinyl estradiol,2017-07,-0.04768,3,10,0.3
drospirenone / ethinyl estradiol,2017-08,0.05210000000000001,6,11,0.5454545454545454
drospirenone / ethinyl estradiol,2017-09,-0.15986666666666668,2,3,0.6666666666666666
drospirenone / ethinyl estradiol,2017-10,-0.073375,3,8,0.375
drospirenone / ethinyl estradiol,2017-11,-0.0559625,3,8,0.375
drospirenone / ethinyl estradiol,2017-12,0.06747500000000001,2,4,0.5
duloxetine,2008-03,0.2764,0,3,0.0
duloxetine,2008-04,0.0965,0,1,0.0
duloxetine,2008-05,-0.081,0,1,0.0
duloxetine,2008-06,0.15894999999999998,0,2,0.0
duloxetine,2008-08,0.4555,1,3,0.3333333333333333
duloxetine,2008-09,0.2788,0,1,0.0
duloxetine,2008-10,0.05279999999999999,1,3,0.3333333333333333
duloxetine,2008-11,0.1579,0,1,0.0
duloxetine,2009-03,0.1421,0,7,0.0
duloxetine,2009-04,-0.023866666666666665,1,6,0.16666666666666666
duloxetine,2009-05,-0.27125,0,2,0.0
duloxetine,2009-06,0.143225,4,4,1.0
duloxetine,2009-07,0.04472,1,5,0.2
duloxetine,2009-08,-0.109825,0,4,0.0
duloxetine,2009-09,-0.056875,3,8,0.375
duloxetine,2009-10,0.0239,2,6,0.3333333333333333
duloxetine,2009-11,0.006525000000000003,1,4,0.25
duloxetine,2009-12,0.0009250000000000022,1,4,0.25
duloxetine,2010-01,0.008000000000000007,3,4,0.75
duloxetine,2010-02,0.11,0,1,0.0
duloxetine,2010-03,0.032339999999999994,1,5,0.2
duloxetine,2010-04,0.2351,0,3,0.0
duloxetine,2010-05,-0.0941,0,2,0.0
duloxetine,2010-06,0.25748000000000004,2,5,0.4
duloxetine,2010-07,-0.054150000000000004,1,2,0.5
duloxetine,2010-08,-0.07358333333333333,3,6,0.5
duloxetine,2010-09,0.0711,1,4,0.25
duloxetine,2010-11,0.009149999999999998,0,2,0.0
duloxetine,2010-12,-0.12283333333333334,0,3,0.0
duloxetine,2011-01,-0.03743333333333333,1,3,0.3333333333333333
duloxetine,2011-02,0.19186666666666666,0,3,0.0
duloxetine,2011-03,0.0682,0,2,0.0
duloxetine,2011-04,0.21076666666666666,0,3,0.0
duloxetine,2011-05,-0.156,1,3,0.3333333333333333
duloxetine,2011-06,-0.14642,2,5,0.4
duloxetine,2011-07,0.022100000000000005,1,6,0.16666666666666666
duloxetine,2011-08,0.012800000000000011,1,5,0.2
duloxetine,2011-09,-0.07496666666666668,3,6,0.5
duloxetine,2011-10,0.0906,2,6,0.3333333333333333
duloxetine,2011-11,-0.058249999999999996,0,2,0.0
duloxetine,2011-12,-0.08054285714285715,4,7,0.5714285714285714
duloxetine,2012-01,0.06331666666666667,1,6,0.16666666666666666
duloxetine,2012-02,0.10995,0,2,0.0
duloxetine,2012-03,-0.091225,1,4,0.25
duloxetine,2012-04,0.10096666666666666,2,6,0.3333333333333333
duloxetine,2012-05,0.051324999999999996,2,4,0.5
duloxetine,2012-06,0.425,0,1,0.0
duloxetine,2012-07,0.14267999999999997,0,5,0.0
duloxetine,2012-08,0.059860000000000003,2,5,0.4
duloxetine,2012-09,-0.0349,1,2,0.5
duloxetine,2012-10,0.07283333333333333,0,3,0.0
duloxetine,2012-12,0.0808,0,3,0.0
duloxetine,2013-01,0.12165000000000001,0,4,0.0
duloxetine,2013-02,-0.16890000000000002,2,3,0.6666666666666666
duloxetine,2013-03,0.025879999999999997,1,5,0.2
duloxetine,2013-04,0.03423333333333333,0,3,0.0
duloxetine,2013-05,0.3584666666666667,0,3,0.0
duloxetine,2013-06,0.1102,1,3,0.3333333333333333
duloxetine,2013-07,-0.090325,0,4,0.0
duloxetine,2013-08,0.0458,1,1,1.0
duloxetine,2013-09,0.133575,1,4,0.25
duloxetine,2013-10,0.2435,0,4,0.0
duloxetine,2013-11,0.057499999999999996,1,2,0.5
duloxetine,2014-01,0.25833333333333336,0,3,0.0
duloxetine,2014-02,-0.04376666666666667,1,3,0.3333333333333333
duloxetine,2014-03,0.39043333333333335,0,3,0.0
duloxetine,2014-04,0.3678,1,1,1.0
duloxetine,2014-06,0.06319999999999999,1,3,0.3333333333333333
duloxetine,2014-07,0.17066666666666666,1,3,0.3333333333333333
duloxetine,2014-08,0.0772,2,2,1.0
duloxetine,2014-09,0.3766,0,1,0.0
duloxetine,2014-10,0.11691666666666667,0,6,0.0
duloxetine,2014-11,-0.058475,1,4,0.25
duloxetine,2014-12,0.0525,1,3,0.3333333333333333
duloxetine,2015-01,0.12643333333333334,0,3,0.0
duloxetine,2015-02,-0.049275,1,4,0.25
duloxetine,2015-03,-0.36065,0,2,0.0
duloxetine,2015-04,0.059283333333333334,0,6,0.0
duloxetine,2015-05,-0.11228888888888891,3,9,0.3333333333333333
duloxetine,2015-06,-0.17535,4,6,0.6666666666666666
duloxetine,2015-07,0.24834,2,5,0.4
duloxetine,2015-08,-0.0943875,1,8,0.125
duloxetine,2015-09,0.0425625,1,8,0.125
duloxetine,2015-10,-0.04691111111111112,4,9,0.4444444444444444
duloxetine,2015-11,0.01975,1,6,0.16666666666666666
duloxetine,2015-12,0.2043142857142857,2,7,0.2857142857142857
duloxetine,2016-01,-0.1474,1,8,0.125
duloxetine,2016-02,-0.02916,3,10,0.3
duloxetine,2016-03,-0.1129,1,6,0.16666666666666666
duloxetine,2016-04,-0.0574,0,6,0.0
duloxetine,2016-05,-0.026124999999999995,3,8,0.375
duloxetine,2016-06,0.0528875,4,8,0.5
duloxetine,2016-07,0.007314285714285713,2,7,0.2857142857142857
duloxetine,2016-08,0.11178000000000002,1,5,0.2
duloxetine,2016-09,0.1684,0,6,0.0
duloxetine,2016-10,-0.06237142857142858,2,7,0.2857142857142857
duloxetine,2016-11,0.03670000000000001,1,5,0.2
duloxetine,2016-12,-0.027255555555555554,2,9,0.2222222222222222
duloxetine,2017-01,-0.008738461538461535,2,13,0.15384615384615385
duloxetine,2017-02,-0.05294285714285714,2,7,0.2857142857142857
duloxetine,2017-03,-0.1328888888888889,0,9,0.0
duloxetine,2017-04,0.09685555555555556,1,9,0.1111111111111111
duloxetine,2017-05,0.010163636363636359,2,11,0.18181818181818182
duloxetine,2017-06,0.05645,2,6,0.3333333333333333
duloxetine,2017-07,-0.05250000000000001,1,3,0.3333333333333333
duloxetine,2017-08,-0.07336000000000001,1,5,0.2
duloxetine,2017-09,-0.15639999999999998,2,3,0.6666666666666666
duloxetine,2017-10,0.0449,0,5,0.0
duloxetine,2017-11,-0.019842857142857145,2,7,0.2857142857142857
duloxetine,2017-12,-0.01845,1,2,0.5
escitalopram,2008-04,0.1944,0,1,0.0
escitalopram,2008-05,0.22,0,1,0.0
escitalopram,2008-08,-0.65,0,1,0.0
escitalopram,2008-10,0.15960000000000002,1,2,0.5
escitalopram,2008-11,0.0503,0,1,0.0
escitalopram,2008-12,-0.004900000000000002,2,2,1.0
escitalopram,2009-01,-0.0242,1,1,1.0
escitalopram,2009-02,-0.039975,3,4,0.75
escitalopram,2009-03,0.12225,1,4,0.25
escitalopram,2009-04,0.039025,1,4,0.25
escitalopram,2009-05,0.0,0,1,0.0
escitalopram,2009-06,0.10835,0,2,0.0
escitalopram,2009-07,0.038924999999999994,0,4,0.0
escitalopram,2009-09,0.17200000000000001,1,2,0.5
escitalopram,2009-10,0.10248333333333333,2,6,0.3333333333333333
escitalopram,2009-11,0.15289999999999998,0,5,0.0
escitalopram,2009-12,-0.2691,0,1,0.0
escitalopram,2010-02,0.0548,0,1,0.0
escitalopram,2010-03,0.39,1,1,1.0
escitalopram,2010-04,0.0898,1,1,1.0
escitalopram,2010-05,0.19165,1,2,0.5
escitalopram,2010-06,0.048,1,1,1.0
escitalopram,2010-07,-0.03796666666666667,1,3,0.3333333333333333
escitalopram,2010-08,0.06845,3,4,0.75
escitalopram,2010-10,0.117725,4,4,1.0
escitalopram,2011-01,0.22095,1,4,0.25
escitalopram,2011-02,0.21605000000000002,0,2,0.0
escitalopram,2011-03,-0.015666666666666672,1,3,0.3333333333333333
escitalopram,2011-04,-0.01045,1,2,0.5
escitalopram,2011-05,-0.007940000000000003,2,5,0.4
escitalopram,2011-06,0.21065,0,4,0.0
escitalopram,2011-07,0.021800000000000007,1,2,0.5
escitalopram,2011-08,0.1035,0,3,0.0
escitalopram,2011-09,-0.021133333333333337,1,3,0.3333333333333333
escitalopram,2011-10,0.0974,1,2,0.5
escitalopram,2011-11,0.1571,3,4,0.75
escitalopram,2011-12,-0.0222,1,1,1.0
escitalopram,2012-01,0.0576,0,1,0.0
escitalopram,2012-03,0.125,0,1,0.0
escitalopram,2012-04,0.18630000000000002,1,2,0.5
escitalopram,2012-05,-0.12446666666666667,1,3,0.3333333333333333
escitalopram,2012-06,-0.07543333333333334,1,3,0.3333333333333333
escitalopram,2012-08,-0.0833,0,1,0.0
escitalopram,2012-09,0.7,0,1,0.0
escitalopram,2012-11,0.07815,1,2,0.5
escitalopram,2012-12,0.1592,0,5,0.0
escitalopram,2013-01,0.06283333333333334,0,3,0.0
escitalopram,2013-02,-0.1722,0,2,0.0
escitalopram,2013-03,0.09994,2,5,0.4
escitalopram,2013-04,0.15427500000000002,2,4,0.5
escitalopram,2013-05,0.15,0,1,0.0
escitalopram,2013-06,0.09363333333333335,1,3,0.3333333333333333
escitalopram,2013-07,-0.027100000000000006,1,2,0.5
escitalopram,2013-08,0.15066666666666664,0,3,0.0
escitalopram,2013-09,0.0557,2,3,0.6666666666666666
escitalopram,2013-10,-0.1587,1,5,0.2
escitalopram,2013-11,-0.028800000000000003,1,2,0.5
escitalopram,2013-12,-0.09999999999999999,0,2,0.0
escitalopram,2014-01,0.0929,1,1,1.0
escitalopram,2014-02,-0.06,1,2,0.5
escitalopram,2014-03,0.009800000000000001,0,3,0.0
escitalopram,2014-04,0.1851,0,1,0.0
escitalopram,2014-05,0.14583333333333334,0,3,0.0
escitalopram,2014-06,-0.1685,0,4,0.0
escitalopram,2014-07,-0.0875,1,2,0.5
escitalopram,2014-08,-0.12280000000000002,1,3,0.3333333333333333
escitalopram,2014-09,0.13885,1,4,0.25
escitalopram,2014-10,0.0045,0,1,0.0
escitalopram,2014-11,-0.03995000000000001,2,4,0.5
escitalopram,2014-12,-0.2784,1,4,0.25
escitalopram,2015-01,0.25594,2,5,0.4
escitalopram,2015-02,0.076,1,3,0.3333333333333333
escitalopram,2015-03,0.0036999999999999976,2,5,0.4
escitalopram,2015-04,-0.049,2,9,0.2222222222222222
escitalopram,2015-05,0.0049833333333333335,0,6,0.0
escitalopram,2015-06,-0.011516666666666675,2,6,0.3333333333333333
escitalopram,2015-07,-0.312975,0,4,0.0
escitalopram,2015-08,0.0655375,3,8,0.375
escitalopram,2015-09,-0.04286,3,10,0.3
escitalopram,2015-10,0.005357142857142858,4,7,0.5714285714285714
escitalopram,2015-11,0.08445000000000001,3,6,0.5
escitalopram,2015-12,0.034699999999999995,5,10,0.5
escitalopram,2016-01,-0.008049999999999998,4,8,0.5
escitalopram,2016-02,0.045450000000000004,3,8,0.375
escitalopram,2016-03,-0.026578571428571427,9,14,0.6428571428571429
escitalopram,2016-04,-0.05823333333333334,0,3,0.0
escitalopram,2016-05,-0.110875,4,8,0.5
escitalopram,2016-06,0.022346666666666664,5,15,0.3333333333333333
escitalopram,2016-07,0.06635,2,6,0.3333333333333333
escitalopram,2016-08,0.021418181818181822,2,11,0.18181818181818182
escitalopram,2016-09,-0.10444285714285716,3,7,0.42857142857142855
escitalopram,2016-10,0.1406714285714286,3,7,0.42857142857142855
escitalopram,2016-11,0.06575454545454545,2,11,0.18181818181818182
escitalopram,2016-12,-0.04581538461538462,3,13,0.23076923076923078
escitalopram,2017-01,0.029908333333333332,3,12,0.25
escitalopram,2017-02,0.003999999999999999,1,7,0.14285714285714285
escitalopram,2017-03,-0.054622222222222225,3,9,0.3333333333333333
escitalopram,2017-04,0.012074999999999995,3,4,0.75
escitalopram,2017-05,0.06453333333333333,1,6,0.16666666666666666
escitalopram,2017-06,0.05095000000000001,3,10,0.3
escitalopram,2017-07,0.071375,2,4,0.5
escitalopram,2017-08,-0.07625555555555556,3,9,0.3333333333333333
escitalopram,2017-09,-0.010855555555555556,4,9,0.4444444444444444
escitalopram,2017-10,-0.10496666666666667,4,6,0.6666666666666666
escitalopram,2017-11,-0.0346875,2,8,0.25
escitalopram,2017-12,0.0917,0,4,0.0
ethinyl estradiol / etonogestrel,2008-05,0.2652,0,1,0.0
ethinyl estradiol / etonogestrel,2008-06,0.12220000000000002,0,3,0.0
ethinyl estradiol / etonogestrel,2008-08,0.2375,0,1,0.0
ethinyl estradiol / etonogestrel,2008-10,0.11835,0,2,0.0
ethinyl estradiol / etonogestrel,2009-02,0.0024,0,1,0.0
ethinyl estradiol / etonogestrel,2009-03,0.02885,1,2,0.5
ethinyl estradiol / etonogestrel,2009-06,-0.0535,0,1,0.0
ethinyl estradiol / etonogestrel,2009-08,0.17,0,1,0.0
ethinyl estradiol / etonogestrel,2009-09,-0.24215,0,2,0.0
ethinyl estradiol / etonogestrel,2009-10,0.07425,0,2,0.0
ethinyl estradiol / etonogestrel,2009-11,0.07849999999999999,0,4,0.0
ethinyl estradiol / etonogestrel,2009-12,0.0643,1,1,1.0
ethinyl estradiol / etonogestrel,2010-01,0.1575,0,2,0.0
ethinyl estradiol / etonogestrel,2010-02,-0.0306,0,1,0.0
ethinyl estradiol / etonogestrel,2010-03,-0.0452,0,1,0.0
ethinyl estradiol / etonogestrel,2010-05,0.0619,0,1,0.0
ethinyl estradiol / etonogestrel,2010-07,0.21,0,1,0.0
ethinyl estradiol / etonogestrel,2010-08,-0.62,0,1,0.0
ethinyl estradiol / etonogestrel,2010-09,0.425,1,1,1.0
ethinyl estradiol / etonogestrel,2010-11,0.12175,0,2,0.0
ethinyl estradiol / etonogestrel,2011-01,0.10210000000000001,0,3,0.0
ethinyl estradiol / etonogestrel,2011-02,-0.04505000000000001,0,4,0.0
ethinyl estradiol / etonogestrel,2011-03,0.007883333333333334,1,6,0.16666666666666666
ethinyl estradiol / etonogestrel,2011-04,0.0821,0,6,0.0
ethinyl estradiol / etonogestrel,2011-05,0.2236,0,2,0.0
ethinyl estradiol / etonogestrel,2011-06,0.10597777777777778,0,9,0.0
ethinyl estradiol / etonogestrel,2011-07,0.039169999999999996,2,10,0.2
ethinyl estradiol / etonogestrel,2011-08,0.20183999999999996,0,5,0.0
ethinyl estradiol / etonogestrel,2011-09,0.11410000000000001,1,4,0.25
ethinyl estradiol / etonogestrel,2011-10,0.09491666666666666,2,6,0.3333333333333333
ethinyl estradiol / etonogestrel,2011-11,0.0030999999999999995,1,7,0.14285714285714285
ethinyl estradiol / etonogestrel,2011-12,0.21608571428571427,0,7,0.0
ethinyl estradiol / etonogestrel,2012-01,0.17555555555555558,1,9,0.1111111111111111
ethinyl estradiol / etonogestrel,2012-02,-0.005214285714285714,0,7,0.0
ethinyl estradiol / etonogestrel,2012-03,0.0,0,1,0.0
ethinyl estradiol / etonogestrel,2012-04,-0.0007666666666666667,1,6,0.16666666666666666
ethinyl estradiol / etonogestrel,2012-05,0.2903,0,3,0.0
ethinyl estradiol / etonogestrel,2012-06,0.28053333333333336,0,3,0.0
ethinyl estradiol / etonogestrel,2012-07,0.1584,0,2,0.0
ethinyl estradiol / etonogestrel,2012-08,0.10993333333333333,0,3,0.0
ethinyl estradiol / etonogestrel,2012-09,0.042874999999999996,0,4,0.0
ethinyl estradiol / etonogestrel,2012-10,0.0528,1,5,0.2
ethinyl estradiol / etonogestrel,2012-11,0.15960000000000002,0,4,0.0
ethinyl estradiol / etonogestrel,2012-12,0.046825,1,4,0.25
ethinyl estradiol / etonogestrel,2013-01,0.0640125,1,8,0.125
ethinyl estradiol / etonogestrel,2013-02,0.14545999999999998,1,5,0.2
ethinyl estradiol / etonogestrel,2013-03,-0.0070250000000000035,0,4,0.0
ethinyl estradiol / etonogestrel,2013-04,0.1317,0,1,0.0
ethinyl estradiol / etonogestrel,2013-05,0.06423333333333332,0,3,0.0
ethinyl estradiol / etonogestrel,2013-06,0.1767,0,1,0.0
ethinyl estradiol / etonogestrel,2013-07,0.09523333333333334,0,3,0.0
ethinyl estradiol / etonogestrel,2013-08,0.15815,0,2,0.0
ethinyl estradiol / etonogestrel,2013-09,0.23754999999999998,0,4,0.0
ethinyl estradiol / etonogestrel,2013-10,0.08360000000000001,1,3,0.3333333333333333
ethinyl estradiol / etonogestrel,2013-11,0.086125,0,4,0.0
ethinyl estradiol / etonogestrel,2013-12,0.08216666666666667,0,3,0.0
ethinyl estradiol / etonogestrel,2014-01,0.08770000000000001,0,4,0.0
ethinyl estradiol / etonogestrel,2014-02,0.09084999999999999,0,2,0.0
ethinyl estradiol / etonogestrel,2014-03,-0.0025,1,1,1.0
ethinyl estradiol / etonogestrel,2014-04,0.10165714285714286,2,7,0.2857142857142857
ethinyl estradiol / etonogestrel,2014-05,0.08879999999999999,0,3,0.0
ethinyl estradiol / etonogestrel,2014-06,0.041666666666666664,0,3,0.0
ethinyl estradiol / etonogestrel,2014-07,0.078175,0,4,0.0
ethinyl estradiol / etonogestrel,2014-08,-0.037000000000000005,0,2,0.0
ethinyl estradiol / etonogestrel,2014-09,0.3304,0,1,0.0
ethinyl estradiol / etonogestrel,2014-10,0.21109999999999998,1,2,0.5
ethinyl estradiol / etonogestrel,2014-12,0.4667,0,1,0.0
ethinyl estradiol / etonogestrel,2015-01,0.21145,0,2,0.0
ethinyl estradiol / etonogestrel,2015-02,0.055966666666666665,0,3,0.0
ethinyl estradiol / etonogestrel,2015-03,0.056933333333333336,0,3,0.0
ethinyl estradiol / etonogestrel,2015-04,0.065,0,8,0.0
ethinyl estradiol / etonogestrel,2015-05,-0.02985,0,6,0.0
ethinyl estradiol / etonogestrel,2015-06,-0.019214285714285708,0,7,0.0
ethinyl estradiol / etonogestrel,2015-07,0.011057142857142852,0,7,0.0
ethinyl estradiol / etonogestrel,2015-08,-0.006777777777777775,1,9,0.1111111111111111
ethinyl estradiol / etonogestrel,2015-09,0.10924,1,5,0.2
ethinyl estradiol / etonogestrel,2015-10,0.07755833333333333,0,12,0.0
ethinyl estradiol / etonogestrel,2015-11,0.029475000000000005,1,4,0.25
ethinyl estradiol / etonogestrel,2015-12,-0.015300000000000001,0,3,0.0
ethinyl estradiol / etonogestrel,2016-01,0.1258153846153846,0,13,0.0
ethinyl estradiol / etonogestrel,2016-02,0.005199999999999992,0,7,0.0
ethinyl estradiol / etonogestrel,2016-03,-0.106875,1,4,0.25
ethinyl estradiol / etonogestrel,2016-04,0.011814285714285711,0,7,0.0
ethinyl estradiol / etonogestrel,2016-05,0.05386666666666667,0,6,0.0
ethinyl estradiol / etonogestrel,2016-06,-0.03282,0,5,0.0
ethinyl estradiol / etonogestrel,2016-07,0.18766,1,5,0.2
ethinyl estradiol / etonogestrel,2016-08,0.19871250000000001,0,8,0.0
ethinyl estradiol / etonogestrel,2016-09,0.18338,2,5,0.4
ethinyl estradiol / etonogestrel,2016-10,0.0026000000000000007,2,7,0.2857142857142857
ethinyl estradiol / etonogestrel,2016-11,-0.04324999999999999,0,6,0.0
ethinyl estradiol / etonogestrel,2016-12,-0.10704285714285715,1,7,0.14285714285714285
ethinyl estradiol / etonogestrel,2017-01,0.08885000000000001,0,4,0.0
ethinyl estradiol / etonogestrel,2017-02,0.09445,1,8,0.125
ethinyl estradiol / etonogestrel,2017-03,0.03194,0,5,0.0
ethinyl estradiol / etonogestrel,2017-04,-0.033440000000000004,0,5,0.0
ethinyl estradiol / etonogestrel,2017-05,0.11692857142857142,0,7,0.0
ethinyl estradiol / etonogestrel,2017-06,0.2125,1,3,0.3333333333333333
ethinyl estradiol / etonogestrel,2017-07,0.08502,0,5,0.0
ethinyl estradiol / etonogestrel,2017-08,0.2346,0,2,0.0
ethinyl estradiol / etonogestrel,2017-09,-0.08814999999999999,0,4,0.0
ethinyl estradiol / etonogestrel,2017-10,0.02865714285714286,1,7,0.14285714285714285
ethinyl estradiol / etonogestrel,2017-11,0.029066666666666668,0,3,0.0
ethinyl estradiol / etonogestrel,2017-12,0.1809,0,1,0.0
ethinyl estradiol / levonorgestrel,2008-10,0.1102,0,1,0.0
ethinyl estradiol / levonorgestrel,2009-01,-0.1336,0,1,0.0
ethinyl estradiol / levonorgestrel,2009-02,0.2417,1,1,1.0
ethinyl estradiol / levonorgestrel,2009-06,0.07164999999999999,1,2,0.5
ethinyl estradiol / levonorgestrel,2009-07,-0.027280000000000006,0,5,0.0
ethinyl estradiol / levonorgestrel,2009-08,0.0,0,1,0.0
ethinyl estradiol / levonorgestrel,2009-10,0.10779999999999999,0,3,0.0
ethinyl estradiol / levonorgestrel,2009-11,0.1217,1,2,0.5
ethinyl estradiol / levonorgestrel,2009-12,-0.22275,2,2,1.0
ethinyl estradiol / levonorgestrel,2010-01,0.3761,0,1,0.0
ethinyl estradiol / levonorgestrel,2010-02,0.3144,1,3,0.3333333333333333
ethinyl estradiol / levonorgestrel,2010-03,0.0102,0,1,0.0
ethinyl estradiol / levonorgestrel,2010-04,0.10845,0,2,0.0
ethinyl estradiol / levonorgestrel,2010-05,0.1644,0,1,0.0
ethinyl estradiol / levonorgestrel,2010-06,0.14245000000000002,0,2,0.0
ethinyl estradiol / levonorgestrel,2010-07,-0.006399999999999999,2,3,0.6666666666666666
ethinyl estradiol / levonorgestrel,2010-08,0.16110000000000002,1,4,0.25
ethinyl estradiol / levonorgestrel,2010-09,-0.027216666666666667,2,6,0.3333333333333333
ethinyl estradiol / levonorgestrel,2010-10,-0.006099999999999994,1,2,0.5
ethinyl estradiol / levonorgestrel,2010-11,0.16596666666666668,2,3,0.6666666666666666
ethinyl estradiol / levonorgestrel,2010-12,0.14533333333333334,0,3,0.0
ethinyl estradiol / levonorgestrel,2011-01,0.04272499999999999,2,8,0.25
ethinyl estradiol / levonorgestrel,2011-02,0.0528,0,1,0.0
ethinyl estradiol / levonorgestrel,2011-03,0.0636,1,6,0.16666666666666666
ethinyl estradiol / levonorgestrel,2011-05,0.1462,3,5,0.6
ethinyl estradiol / levonorgestrel,2011-06,-0.00045000000000000595,0,2,0.0
ethinyl estradiol / levonorgestrel,2011-07,0.09017142857142857,2,7,0.2857142857142857
ethinyl estradiol / levonorgestrel,2011-08,-0.048033333333333324,1,6,0.16666666666666666
ethinyl estradiol / levonorgestrel,2011-09,-0.172775,2,4,0.5
ethinyl estradiol / levonorgestrel,2011-10,0.27065,0,2,0.0
ethinyl estradiol / levonorgestrel,2011-11,-0.006266666666666664,2,6,0.3333333333333333
ethinyl estradiol / levonorgestrel,2011-12,0.048159999999999994,1,5,0.2
ethinyl estradiol / levonorgestrel,2012-01,-0.04624,4,5,0.8
ethinyl estradiol / levonorgestrel,2012-02,0.09999999999999999,1,2,0.5
ethinyl estradiol / levonorgestrel,2012-03,0.16959999999999997,1,3,0.3333333333333333
ethinyl estradiol / levonorgestrel,2012-04,0.07164999999999999,0,2,0.0
ethinyl estradiol / levonorgestrel,2012-05,0.0489,0,3,0.0
ethinyl estradiol / levonorgestrel,2012-06,-0.04106,1,5,0.2
ethinyl estradiol / levonorgestrel,2012-07,-0.04592,0,5,0.0
ethinyl estradiol / levonorgestrel,2012-08,0.027528571428571427,2,7,0.2857142857142857
ethinyl estradiol / levonorgestrel,2012-09,-0.11636666666666666,2,3,0.6666666666666666
ethinyl estradiol / levonorgestrel,2012-10,-0.0611,1,2,0.5
ethinyl estradiol / levonorgestrel,2012-11,-0.2948,1,1,1.0
ethinyl estradiol / levonorgestrel,2012-12,0.0702,0,3,0.0
ethinyl estradiol / levonorgestrel,2013-01,0.017566666666666675,1,3,0.3333333333333333
ethinyl estradiol / levonorgestrel,2013-02,0.04195,0,2,0.0
ethinyl estradiol / levonorgestrel,2013-03,-0.07250000000000001,1,4,0.25
ethinyl estradiol / levonorgestrel,2013-04,0.012699999999999994,1,3,0.3333333333333333
ethinyl estradiol / levonorgestrel,2013-05,0.2564,1,3,0.3333333333333333
ethinyl estradiol / levonorgestrel,2013-06,0.0386,0,1,0.0
ethinyl estradiol / levonorgestrel,2013-07,-0.10276666666666667,0,3,0.0
ethinyl estradiol / levonorgestrel,2013-08,0.252,0,1,0.0
ethinyl estradiol / levonorgestrel,2013-09,0.1843,1,1,1.0
ethinyl estradiol / levonorgestrel,2013-10,0.08016666666666666,1,3,0.3333333333333333
ethinyl estradiol / levonorgestrel,2013-11,-0.008200000000000006,2,4,0.5
ethinyl estradiol / levonorgestrel,2013-12,0.095,0,2,0.0
ethinyl estradiol / levonorgestrel,2014-01,0.0345,1,4,0.25
ethinyl estradiol / levonorgestrel,2014-02,0.07072500000000001,0,4,0.0
ethinyl estradiol / levonorgestrel,2014-03,0.3656,0,1,0.0
ethinyl estradiol / levonorgestrel,2014-04,0.1328,1,4,0.25
ethinyl estradiol / levonorgestrel,2014-05,-0.1273,0,1,0.0
ethinyl estradiol / levonorgestrel,2014-06,-0.071375,2,4,0.5
ethinyl estradiol / levonorgestrel,2014-08,0.20296666666666666,1,3,0.3333333333333333
ethinyl estradiol / levonorgestrel,2014-09,0.13586666666666666,1,3,0.3333333333333333
ethinyl estradiol / levonorgestrel,2014-10,0.102225,0,4,0.0
ethinyl estradiol / levonorgestrel,2014-11,0.125,0,1,0.0
ethinyl estradiol / levonorgestrel,2014-12,0.13395,0,4,0.0
ethinyl estradiol / levonorgestrel,2015-01,0.13293333333333332,0,3,0.0
ethinyl estradiol / levonorgestrel,2015-02,-0.0005000000000000004,1,2,0.5
ethinyl estradiol / levonorgestrel,2015-03,0.011460000000000003,0,5,0.0
ethinyl estradiol / levonorgestrel,2015-04,0.04234,1,5,0.2
ethinyl estradiol / levonorgestrel,2015-05,-0.11942,0,5,0.0
ethinyl estradiol / levonorgestrel,2015-06,-0.04094285714285715,0,7,0.0
ethinyl estradiol / levonorgestrel,2015-07,-0.08184,2,5,0.4
ethinyl estradiol / levonorgestrel,2015-08,-0.011728571428571422,2,7,0.2857142857142857
ethinyl estradiol / levonorgestrel,2015-09,0.11463333333333332,1,6,0.16666666666666666
ethinyl estradiol / levonorgestrel,2015-10,-0.15935,2,10,0.2
ethinyl estradiol / levonorgestrel,2015-11,-0.004099999999999998,0,6,0.0
ethinyl estradiol / levonorgestrel,2015-12,0.02375714285714286,1,7,0.14285714285714285
ethinyl estradiol / levonorgestrel,2016-01,0.03433636363636364,3,11,0.2727272727272727
ethinyl estradiol / levonorgestrel,2016-02,-0.069625,3,8,0.375
ethinyl estradiol / levonorgestrel,2016-03,0.087675,3,8,0.375
ethinyl estradiol / levonorgestrel,2016-04,-0.047439999999999996,2,10,0.2
ethinyl estradiol / levonorgestrel,2016-05,0.027821052631578944,6,19,0.3157894736842105
ethinyl estradiol / levonorgestrel,2016-06,-0.014350000000000002,3,10,0.3
ethinyl estradiol / levonorgestrel,2016-07,0.049633333333333335,3,12,0.25
ethinyl estradiol / levonorgestrel,2016-08,0.04943125,2,16,0.125
ethinyl estradiol / levonorgestrel,2016-09,-0.00846153846153846,2,13,0.15384615384615385
ethinyl estradiol / levonorgestrel,2016-10,-0.019945454545454554,3,11,0.2727272727272727
ethinyl estradiol / levonorgestrel,2016-11,-0.005369999999999998,1,10,0.1
ethinyl estradiol / levonorgestrel,2016-12,0.0688111111111111,1,9,0.1111111111111111
ethinyl estradiol / levonorgestrel,2017-01,-0.16956666666666667,5,12,0.4166666666666667
ethinyl estradiol / levonorgestrel,2017-02,-0.01755333333333334,2,15,0.13333333333333333
ethinyl estradiol / levonorgestrel,2017-03,0.06665,3,10,0.3
ethinyl estradiol / levonorgestrel,2017-04,-0.24458000000000002,0,5,0.0
ethinyl estradiol / levonorgestrel,2017-05,0.003285714285714283,0,7,0.0
ethinyl estradiol / levonorgestrel,2017-06,-0.10276,2,5,0.4
ethinyl estradiol / levonorgestrel,2017-07,-0.1743,3,8,0.375
ethinyl estradiol / levonorgestrel,2017-08,0.1365777777777778,2,9,0.2222222222222222
ethinyl estradiol / levonorgestrel,2017-09,-0.09,2,4,0.5
ethinyl estradiol / levonorgestrel,2017-10,0.03598333333333333,0,6,0.0
ethinyl estradiol / levonorgestrel,2017-11,-0.038950000000000005,0,6,0.0
ethinyl estradiol / levonorgestrel,2017-12,-0.0984,0,3,0.0
ethinyl estradiol / norethindrone,2008-05,0.1589,0,1,0.0
ethinyl estradiol / norethindrone,2009-04,0.0325,0,2,0.0
ethinyl estradiol / norethindrone,2009-08,0.0639,0,1,0.0
ethinyl estradiol / norethindrone,2009-10,-0.3125,0,2,0.0
ethinyl estradiol / norethindrone,2009-11,-0.1461,0,2,0.0
ethinyl estradiol / norethindrone,2009-12,0.27523333333333333,0,3,0.0
ethinyl estradiol / norethindrone,2010-01,-0.0333,0,1,0.0
ethinyl estradiol / norethindrone,2010-02,0.015199999999999991,0,2,0.0
ethinyl estradiol / norethindrone,2010-03,0.0049,1,1,1.0
ethinyl estradiol / norethindrone,2010-06,0.004500000000000004,0,2,0.0
ethinyl estradiol / norethindrone,2010-07,-0.0177,0,2,0.0
ethinyl estradiol / norethindrone,2010-08,-0.3,0,1,0.0
ethinyl estradiol / norethindrone,2010-09,-0.06493333333333332,0,3,0.0
ethinyl estradiol / norethindrone,2010-10,0.0859,0,2,0.0
ethinyl estradiol / norethindrone,2010-11,-0.13163333333333335,1,3,0.3333333333333333
ethinyl estradiol / norethindrone,2010-12,0.10400000000000001,0,2,0.0
ethinyl estradiol / norethindrone,2011-01,0.0688,0,1,0.0
ethinyl estradiol / norethindrone,2011-02,0.0566,1,1,1.0
ethinyl estradiol / norethindrone,2011-04,0.09623333333333334,0,3,0.0
ethinyl estradiol / norethindrone,2011-06,0.016925000000000003,2,4,0.5
ethinyl estradiol / norethindrone,2011-08,0.24582,0,5,0.0
ethinyl estradiol / norethindrone,2011-09,-0.01746666666666667,0,3,0.0
ethinyl estradiol / norethindrone,2011-10,-0.05704999999999999,1,2,0.5
ethinyl estradiol / norethindrone,2011-11,0.072325,0,4,0.0
ethinyl estradiol / norethindrone,2011-12,-0.1875,0,2,0.0
ethinyl estradiol / norethindrone,2012-02,-0.5611,0,2,0.0
ethinyl estradiol / norethindrone,2012-03,-0.019033333333333336,0,3,0.0
ethinyl estradiol / norethindrone,2012-04,0.0037666666666666634,1,3,0.3333333333333333
ethinyl estradiol / norethindrone,2012-05,0.08410000000000001,0,3,0.0
ethinyl estradiol / norethindrone,2012-06,0.0861,0,1,0.0
ethinyl estradiol / norethindrone,2012-07,-0.05684,1,5,0.2
ethinyl estradiol / norethindrone,2012-08,0.05,0,4,0.0
ethinyl estradiol / norethindrone,2012-09,-0.2738,0,1,0.0
ethinyl estradiol / norethindrone,2012-10,-0.0594,0,1,0.0
ethinyl estradiol / norethindrone,2012-11,0.1213,1,3,0.3333333333333333
ethinyl estradiol / norethindrone,2013-01,0.05335000000000001,0,2,0.0
ethinyl estradiol / norethindrone,2013-02,0.0733,0,2,0.0
ethinyl estradiol / norethindrone,2013-04,0.11040000000000001,0,3,0.0
ethinyl estradiol / norethindrone,2013-05,-0.01185,0,2,0.0
ethinyl estradiol / norethindrone,2013-06,0.02466666666666666,0,3,0.0
ethinyl estradiol / norethindrone,2013-07,-0.022400000000000003,0,3,0.0
ethinyl estradiol / norethindrone,2013-08,-0.0035666666666666715,1,3,0.3333333333333333
ethinyl estradiol / norethindrone,2013-09,0.1648,0,2,0.0
ethinyl estradiol / norethindrone,2013-10,-0.032299999999999995,0,5,0.0
ethinyl estradiol / norethindrone,2013-11,0.030350000000000002,1,4,0.25
ethinyl estradiol / norethindrone,2013-12,-0.024600000000000004,0,5,0.0
ethinyl estradiol / norethindrone,2014-01,0.10273333333333334,0,3,0.0
ethinyl estradiol / norethindrone,2014-02,0.06345,0,2,0.0
ethinyl estradiol / norethindrone,2014-03,0.06593333333333334,1,6,0.16666666666666666
ethinyl estradiol / norethindrone,2014-04,0.277575,0,4,0.0
ethinyl estradiol / norethindrone,2014-05,0.0069,0,1,0.0
ethinyl estradiol / norethindrone,2014-06,-0.021400000000000002,0,4,0.0
ethinyl estradiol / norethindrone,2014-07,-0.35,0,1,0.0
ethinyl estradiol / norethindrone,2014-08,0.16060000000000002,1,5,0.2
ethinyl estradiol / norethindrone,2014-10,0.09038,1,5,0.2
ethinyl estradiol / norethindrone,2014-11,0.20616666666666664,1,3,0.3333333333333333
ethinyl estradiol / norethindrone,2014-12,0.026366666666666667,0,3,0.0
ethinyl estradiol / norethindrone,2015-01,0.073,1,5,0.2
ethinyl estradiol / norethindrone,2015-02,0.7111,0,1,0.0
ethinyl estradiol / norethindrone,2015-03,-0.039125,0,4,0.0
ethinyl estradiol / norethindrone,2015-04,-0.012720000000000004,0,5,0.0
ethinyl estradiol / norethindrone,2015-05,0.0575625,1,8,0.125
ethinyl estradiol / norethindrone,2015-06,-0.09708181818181819,1,11,0.09090909090909091
ethinyl estradiol / norethindrone,2015-07,0.14873333333333336,0,6,0.0
ethinyl estradiol / norethindrone,2015-08,-0.03283333333333333,2,12,0.16666666666666666
ethinyl estradiol / norethindrone,2015-09,0.05533333333333334,1,6,0.16666666666666666
ethinyl estradiol / norethindrone,2015-10,0.029129999999999996,0,10,0.0
ethinyl estradiol / norethindrone,2015-11,-0.01825833333333333,2,12,0.16666666666666666
ethinyl estradiol / norethindrone,2015-12,0.0026111111111111226,0,9,0.0
ethinyl estradiol / norethindrone,2016-01,-0.006857894736842104,1,19,0.05263157894736842
ethinyl estradiol / norethindrone,2016-02,0.037575,1,16,0.0625
ethinyl estradiol / norethindrone,2016-03,0.008322222222222236,0,9,0.0
ethinyl estradiol / norethindrone,2016-04,-0.01644,0,10,0.0
ethinyl estradiol / norethindrone,2016-05,-0.022275,0,8,0.0
ethinyl estradiol / norethindrone,2016-06,0.01235,2,10,0.2
ethinyl estradiol / norethindrone,2016-07,-0.013142857142857149,2,14,0.14285714285714285
ethinyl estradiol / norethindrone,2016-08,-0.03834,0,10,0.0
ethinyl estradiol / norethindrone,2016-09,0.007742857142857137,0,7,0.0
ethinyl estradiol / norethindrone,2016-10,0.049753846153846155,1,13,0.07692307692307693
ethinyl estradiol / norethindrone,2016-11,-0.04384166666666667,3,12,0.25
ethinyl estradiol / norethindrone,2016-12,-0.08296923076923077,1,13,0.07692307692307693
ethinyl estradiol / norethindrone,2017-01,0.08234285714285715,2,14,0.14285714285714285
ethinyl estradiol / norethindrone,2017-02,-0.0031100000000000004,3,10,0.3
ethinyl estradiol / norethindrone,2017-03,-0.01693333333333333,1,12,0.08333333333333333
ethinyl estradiol / norethindrone,2017-04,-0.11661000000000002,2,10,0.2
ethinyl estradiol / norethindrone,2017-05,-0.08069090909090909,1,11,0.09090909090909091
ethinyl estradiol / norethindrone,2017-06,-0.06510000000000002,3,8,0.375
ethinyl estradiol / norethindrone,2017-07,0.024350000000000007,0,6,0.0
ethinyl estradiol / norethindrone,2017-08,0.14856363636363637,0,11,0.0
ethinyl estradiol / norethindrone,2017-09,-0.11889000000000001,2,10,0.2
ethinyl estradiol / norethindrone,2017-10,-0.006033333333333336,4,12,0.3333333333333333
ethinyl estradiol / norethindrone,2017-11,-0.05505454545454546,1,11,0.09090909090909091
ethinyl estradiol / norethindrone,2017-12,-0.0147,0,3,0.0
ethinyl estradiol / norgestimate,2009-03,0.125,0,1,0.0
ethinyl estradiol / norgestimate,2009-05,-0.2629,0,1,0.0
ethinyl estradiol / norgestimate,2009-08,0.1036,0,2,0.0
ethinyl estradiol / norgestimate,2009-09,0.11545999999999998,2,5,0.4
ethinyl estradiol / norgestimate,2009-10,0.0285,0,1,0.0
ethinyl estradiol / norgestimate,2009-12,0.00046666666666666845,0,3,0.0
ethinyl estradiol / norgestimate,2010-01,-0.138625,2,4,0.5
ethinyl estradiol / norgestimate,2010-03,-0.039850000000000003,1,2,0.5
ethinyl estradiol / norgestimate,2010-04,-0.07970000000000001,1,2,0.5
ethinyl estradiol / norgestimate,2010-05,0.0497,0,1,0.0
ethinyl estradiol / norgestimate,2010-06,0.26184999999999997,0,2,0.0
ethinyl estradiol / norgestimate,2010-07,0.024549999999999995,0,4,0.0
ethinyl estradiol / norgestimate,2010-08,0.007449999999999998,0,2,0.0
ethinyl estradiol / norgestimate,2010-09,0.16075,1,2,0.5
ethinyl estradiol / norgestimate,2010-10,-0.07013333333333333,1,3,0.3333333333333333
ethinyl estradiol / norgestimate,2010-12,0.09745999999999999,2,5,0.4
ethinyl estradiol / norgestimate,2011-01,-0.007485714285714288,2,7,0.2857142857142857
ethinyl estradiol / norgestimate,2011-02,-0.0721,1,1,1.0
ethinyl estradiol / norgestimate,2011-03,0.0722,0,1,0.0
ethinyl estradiol / norgestimate,2011-04,-0.025250000000000005,1,4,0.25
ethinyl estradiol / norgestimate,2011-05,0.022366666666666663,0,3,0.0
ethinyl estradiol / norgestimate,2011-06,0.1608,0,1,0.0
ethinyl estradiol / norgestimate,2011-07,0.228,0,2,0.0
ethinyl estradiol / norgestimate,2011-08,0.20795000000000002,0,2,0.0
ethinyl estradiol / norgestimate,2011-09,0.1153,2,3,0.6666666666666666
ethinyl estradiol / norgestimate,2011-10,-0.03286666666666667,1,6,0.16666666666666666
ethinyl estradiol / norgestimate,2011-11,-0.009066666666666662,0,3,0.0
ethinyl estradiol / norgestimate,2011-12,-0.07733333333333334,4,9,0.4444444444444444
ethinyl estradiol / norgestimate,2012-01,-0.06670000000000001,1,4,0.25
ethinyl estradiol / norgestimate,2012-02,-0.0373,0,3,0.0
ethinyl estradiol / norgestimate,2012-03,-0.11660000000000001,1,2,0.5
ethinyl estradiol / norgestimate,2012-04,-0.1058,0,1,0.0
ethinyl estradiol / norgestimate,2012-05,0.16422,0,5,0.0
ethinyl estradiol / norgestimate,2012-06,0.027166666666666672,2,3,0.6666666666666666
ethinyl estradiol / norgestimate,2012-07,0.48869999999999997,0,2,0.0
ethinyl estradiol / norgestimate,2012-08,0.04727499999999999,1,4,0.25
ethinyl estradiol / norgestimate,2012-09,0.0009999999999999992,0,2,0.0
ethinyl estradiol / norgestimate,2012-10,-0.030733333333333335,0,3,0.0
ethinyl estradiol / norgestimate,2012-11,0.119,1,3,0.3333333333333333
ethinyl estradiol / norgestimate,2012-12,-0.11659999999999998,1,2,0.5
ethinyl estradiol / norgestimate,2013-01,-0.012500000000000002,1,3,0.3333333333333333
ethinyl estradiol / norgestimate,2013-02,-0.0316,0,2,0.0
ethinyl estradiol / norgestimate,2013-03,-0.019600000000000006,0,2,0.0
ethinyl estradiol / norgestimate,2013-04,0.0823,0,1,0.0
ethinyl estradiol / norgestimate,2013-05,-0.05142,1,5,0.2
ethinyl estradiol / norgestimate,2013-06,0.0,0,1,0.0
ethinyl estradiol / norgestimate,2013-07,0.26505,0,4,0.0
ethinyl estradiol / norgestimate,2013-08,0.31565,0,2,0.0
ethinyl estradiol / norgestimate,2013-09,0.12406666666666666,0,3,0.0
ethinyl estradiol / norgestimate,2013-10,0.15915,0,6,0.0
ethinyl estradiol / norgestimate,2013-11,0.08209999999999999,0,5,0.0
ethinyl estradiol / norgestimate,2013-12,0.09593333333333333,1,3,0.3333333333333333
ethinyl estradiol / norgestimate,2014-01,0.06754,0,5,0.0
ethinyl estradiol / norgestimate,2014-02,0.0066500000000000005,1,2,0.5
ethinyl estradiol / norgestimate,2014-03,-0.033471428571428576,0,7,0.0
ethinyl estradiol / norgestimate,2014-06,-0.01125,1,2,0.5
ethinyl estradiol / norgestimate,2014-07,0.12606,0,5,0.0
ethinyl estradiol / norgestimate,2014-08,-0.009333333333333324,1,3,0.3333333333333333
ethinyl estradiol / norgestimate,2014-09,0.31483333333333335,0,3,0.0
ethinyl estradiol / norgestimate,2014-10,0.08579999999999999,1,2,0.5
ethinyl estradiol / norgestimate,2014-11,-0.022900000000000004,2,2,1.0
ethinyl estradiol / norgestimate,2014-12,-0.01,0,1,0.0
ethinyl estradiol / norgestimate,2015-01,0.16914,1,5,0.2
ethinyl estradiol / norgestimate,2015-02,0.158025,0,4,0.0
ethinyl estradiol / norgestimate,2015-03,0.09903999999999999,0,5,0.0
ethinyl estradiol / norgestimate,2015-04,0.0857,1,3,0.3333333333333333
ethinyl estradiol / norgestimate,2015-05,0.07065,2,4,0.5
ethinyl estradiol / norgestimate,2015-06,-0.15089999999999998,1,5,0.2
ethinyl estradiol / norgestimate,2015-07,0.05012,0,5,0.0
ethinyl estradiol / norgestimate,2015-08,-0.02553636363636364,2,11,0.18181818181818182
ethinyl estradiol / norgestimate,2015-09,-0.10812857142857143,1,7,0.14285714285714285
ethinyl estradiol / norgestimate,2015-10,-0.161,0,5,0.0
ethinyl estradiol / norgestimate,2015-11,0.03262222222222222,3,9,0.3333333333333333
ethinyl estradiol / norgestimate,2015-12,-0.031266666666666665,2,15,0.13333333333333333
ethinyl estradiol / norgestimate,2016-01,0.03462222222222223,1,9,0.1111111111111111
ethinyl estradiol / norgestimate,2016-02,-0.0026500000000000043,2,14,0.14285714285714285
ethinyl estradiol / norgestimate,2016-03,-0.11528000000000001,6,15,0.4
ethinyl estradiol / norgestimate,2016-04,-0.009988888888888887,2,9,0.2222222222222222
ethinyl estradiol / norgestimate,2016-05,0.10884,1,5,0.2
ethinyl estradiol / norgestimate,2016-06,0.02202222222222222,1,9,0.1111111111111111
ethinyl estradiol / norgestimate,2016-07,0.09786249999999999,1,8,0.125
ethinyl estradiol / norgestimate,2016-08,-0.07046923076923077,3,13,0.23076923076923078
ethinyl estradiol / norgestimate,2016-09,0.004679999999999998,0,5,0.0
ethinyl estradiol / norgestimate,2016-10,0.03058571428571429,1,7,0.14285714285714285
ethinyl estradiol / norgestimate,2016-11,-0.023537500000000003,0,8,0.0
ethinyl estradiol / norgestimate,2016-12,-0.062815,5,20,0.25
ethinyl estradiol / norgestimate,2017-01,0.052994117647058823,3,17,0.17647058823529413
ethinyl estradiol / norgestimate,2017-02,-0.08461666666666667,5,12,0.4166666666666667
ethinyl estradiol / norgestimate,2017-03,0.048044444444444445,3,9,0.3333333333333333
ethinyl estradiol / norgestimate,2017-04,-0.05244000000000001,5,15,0.3333333333333333
ethinyl estradiol / norgestimate,2017-05,-0.0033600000000000006,0,5,0.0
ethinyl estradiol / norgestimate,2017-06,-0.049855555555555556,3,9,0.3333333333333333
ethinyl estradiol / norgestimate,2017-07,-0.10213749999999999,3,8,0.375
ethinyl estradiol / norgestimate,2017-08,0.026449999999999994,2,10,0.2
ethinyl estradiol / norgestimate,2017-09,-0.05456666666666666,3,12,0.25
ethinyl estradiol / norgestimate,2017-10,0.3450666666666667,0,3,0.0
ethinyl estradiol / norgestimate,2017-11,-0.08864545454545454,0,11,0.0
ethinyl estradiol / norgestimate,2017-12,-0.12257499999999999,1,4,0.25
etonogestrel,2008-07,0.525,0,1,0.0
etonogestrel,2009-07,0.09789999999999999,1,2,0.5
etonogestrel,2009-08,0.3037,0,1,0.0
etonogestrel,2009-09,0.2292,0,1,0.0
etonogestrel,2009-10,0.052450000000000004,0,2,0.0
etonogestrel,2009-11,0.1194,1,1,1.0
etonogestrel,2010-01,0.11,0,1,0.0
etonogestrel,2010-02,0.18335,1,2,0.5
etonogestrel,2010-03,0.1875,1,1,1.0
etonogestrel,2010-04,0.1783,1,1,1.0
etonogestrel,2010-06,-0.0239,0,1,0.0
etonogestrel,2010-07,-0.2365,0,1,0.0
etonogestrel,2010-09,0.115,0,1,0.0
etonogestrel,2010-11,0.0843,0,1,0.0
etonogestrel,2011-01,0.113,0,1,0.0
etonogestrel,2011-02,-0.2115,2,2,1.0
etonogestrel,2011-03,-0.027200000000000002,1,2,0.5
etonogestrel,2011-04,0.27726666666666666,1,3,0.3333333333333333
etonogestrel,2011-05,0.13848,2,5,0.4
etonogestrel,2011-07,0.014649999999999996,0,2,0.0
etonogestrel,2011-09,0.057249999999999995,1,4,0.25
etonogestrel,2011-10,0.13515,2,4,0.5
etonogestrel,2011-11,-0.11549999999999999,3,3,1.0
etonogestrel,2011-12,0.09115000000000001,2,4,0.5
etonogestrel,2012-01,0.24213333333333334,1,3,0.3333333333333333
etonogestrel,2012-03,-0.001,0,1,0.0
etonogestrel,2012-04,0.03163333333333333,0,3,0.0
etonogestrel,2012-05,0.0493,0,1,0.0
etonogestrel,2012-06,0.37124999999999997,0,2,0.0
etonogestrel,2012-07,0.02924,3,5,0.6
etonogestrel,2012-09,-0.043900000000000015,1,3,0.3333333333333333
etonogestrel,2012-10,0.36,0,1,0.0
etonogestrel,2012-12,-0.1115,0,1,0.0
etonogestrel,2013-01,0.141,2,3,0.6666666666666666
etonogestrel,2013-02,0.06955,0,2,0.0
etonogestrel,2013-03,0.01945000000000001,0,2,0.0
etonogestrel,2013-04,0.14755000000000001,0,2,0.0
etonogestrel,2013-05,0.003349999999999999,0,2,0.0
etonogestrel,2013-06,0.10448333333333333,1,6,0.16666666666666666
etonogestrel,2013-07,0.8333,0,1,0.0
etonogestrel,2013-08,-0.21735000000000002,1,2,0.5
etonogestrel,2013-09,0.2883,0,3,0.0
etonogestrel,2013-10,0.15315,2,4,0.5
etonogestrel,2013-11,0.1736,0,1,0.0
etonogestrel,2014-01,-0.037,1,2,0.5
etonogestrel,2014-02,-0.047575000000000006,3,4,0.75
etonogestrel,2014-03,0.04966666666666667,0,3,0.0
etonogestrel,2014-04,0.111,0,1,0.0
etonogestrel,2014-05,-0.010933333333333328,1,6,0.16666666666666666
etonogestrel,2014-06,0.09846666666666666,1,3,0.3333333333333333
etonogestrel,2014-07,0.14105,0,2,0.0
etonogestrel,2014-08,0.15007500000000001,1,4,0.25
etonogestrel,2014-09,-0.040325,2,4,0.5
etonogestrel,2014-10,0.06254,0,5,0.0
etonogestrel,2014-11,-0.10066666666666667,0,3,0.0
etonogestrel,2014-12,0.2375,0,2,0.0
etonogestrel,2015-01,0.1663,1,2,0.5
etonogestrel,2015-02,0.08625000000000001,0,6,0.0
etonogestrel,2015-03,0.07647999999999999,1,5,0.2
etonogestrel,2015-04,0.1714,0,4,0.0
etonogestrel,2015-05,-0.085225,3,8,0.375
etonogestrel,2015-06,0.08456,2,10,0.2
etonogestrel,2015-07,0.0691909090909091,1,11,0.09090909090909091
etonogestrel,2015-08,-0.0009866666666666691,0,15,0.0
etonogestrel,2015-09,-0.016807692307692308,0,13,0.0
etonogestrel,2015-10,0.081075,1,8,0.125
etonogestrel,2015-11,0.0031545454545454515,1,11,0.09090909090909091
etonogestrel,2015-12,-0.020407692307692307,1,13,0.07692307692307693
etonogestrel,2016-01,0.03406470588235294,1,17,0.058823529411764705
etonogestrel,2016-02,-0.026250000000000002,1,18,0.05555555555555555
etonogestrel,2016-03,-0.022699999999999994,4,24,0.16666666666666666
etonogestrel,2016-04,-0.09597727272727273,6,22,0.2727272727272727
etonogestrel,2016-05,0.04768125000000001,2,16,0.125
etonogestrel,2016-06,0.034194444444444444,5,18,0.2777777777777778
etonogestrel,2016-07,0.073725,1,12,0.08333333333333333
etonogestrel,2016-08,-0.016026666666666668,3,15,0.2
etonogestrel,2016-09,-0.055336363636363635,2,11,0.18181818181818182
etonogestrel,2016-10,0.17234444444444444,1,9,0.1111111111111111
etonogestrel,2016-11,0.10082222222222222,1,9,0.1111111111111111
etonogestrel,2016-12,0.1551818181818182,0,11,0.0
etonogestrel,2017-01,0.08827142857142857,1,7,0.14285714285714285
etonogestrel,2017-02,-0.19104000000000002,2,10,0.2
etonogestrel,2017-03,-0.07219,2,10,0.2
etonogestrel,2017-04,-0.092725,1,8,0.125
etonogestrel,2017-05,0.1032,0,8,0.0
etonogestrel,2017-06,-0.03502,1,10,0.1
etonogestrel,2017-07,0.068925,1,4,0.25
etonogestrel,2017-08,0.16192,1,5,0.2
etonogestrel,2017-09,-0.0008399999999999963,1,5,0.2
etonogestrel,2017-10,-0.16696,0,5,0.0
etonogestrel,2017-11,-0.023280000000000002,1,5,0.2
etonogestrel,2017-12,-0.1073,0,1,0.0
fluoxetine,2008-06,-0.029150000000000002,0,2,0.0
fluoxetine,2008-08,0.17,0,1,0.0
fluoxetine,2008-09,0.05555,0,2,0.0
fluoxetine,2008-11,0.0273,0,1,0.0
fluoxetine,2009-01,-0.2396,0,2,0.0
fluoxetine,2009-03,0.19375,0,2,0.0
fluoxetine,2009-04,0.1821,0,1,0.0
fluoxetine,2009-05,0.159,0,1,0.0
fluoxetine,2009-06,0.41910000000000003,0,2,0.0
fluoxetine,2009-07,0.23929999999999998,0,2,0.0
fluoxetine,2009-09,0.0096,1,1,1.0
fluoxetine,2009-10,0.2611,0,3,0.0
fluoxetine,2009-11,-0.0889,0,1,0.0
fluoxetine,2009-12,0.0676,0,1,0.0
fluoxetine,2010-06,-0.0425,1,1,1.0
fluoxetine,2010-07,0.1333,0,1,0.0
fluoxetine,2010-09,0.1115,0,2,0.0
fluoxetine,2010-11,0.3641,1,2,0.5
fluoxetine,2010-12,0.0,0,1,0.0
fluoxetine,2011-01,0.0486,1,2,0.5
fluoxetine,2011-02,-0.04816666666666666,2,3,0.6666666666666666
fluoxetine,2011-04,0.048675,1,4,0.25
fluoxetine,2011-05,0.13045,1,2,0.5
fluoxetine,2011-06,0.0479,0,1,0.0
fluoxetine,2011-07,-0.18795,1,2,0.5
fluoxetine,2011-08,0.1778,0,2,0.0
fluoxetine,2011-09,0.2593,0,1,0.0
fluoxetine,2011-10,-0.16276666666666667,0,3,0.0
fluoxetine,2011-11,-0.0625,0,1,0.0
fluoxetine,2011-12,0.13365,0,2,0.0
fluoxetine,2012-01,0.24025000000000002,1,4,0.25
fluoxetine,2012-02,0.26913333333333334,0,3,0.0
fluoxetine,2012-03,0.07060000000000001,2,4,0.5
fluoxetine,2012-04,0.15545,1,6,0.16666666666666666
fluoxetine,2012-05,0.1352,1,1,1.0
fluoxetine,2012-06,-0.07815,2,2,1.0
fluoxetine,2012-07,0.3,1,2,0.5
fluoxetine,2012-08,0.14366666666666666,0,3,0.0
fluoxetine,2012-10,0.05,0,1,0.0
fluoxetine,2012-12,0.273325,0,4,0.0
fluoxetine,2013-01,0.0524,1,2,0.5
fluoxetine,2013-02,0.16156666666666666,0,3,0.0
fluoxetine,2013-03,0.05920000000000001,2,6,0.3333333333333333
fluoxetine,2013-04,0.0045499999999999985,1,2,0.5
fluoxetine,2013-05,-0.001700000000000007,0,3,0.0
fluoxetine,2013-06,0.36445,0,2,0.0
fluoxetine,2013-07,-0.14415,2,4,0.5
fluoxetine,2013-08,0.09124,3,5,0.6
fluoxetine,2013-09,0.065975,0,4,0.0
fluoxetine,2013-10,-0.0643,1,1,1.0
fluoxetine,2013-11,-0.1705,0,1,0.0
fluoxetine,2013-12,0.0376,1,3,0.3333333333333333
fluoxetine,2014-01,0.0063999999999999994,1,2,0.5
fluoxetine,2014-02,0.07213333333333333,1,3,0.3333333333333333
fluoxetine,2014-03,0.04109999999999999,1,3,0.3333333333333333
fluoxetine,2014-04,-0.0118,1,4,0.25
fluoxetine,2014-05,0.3403666666666667,1,3,0.3333333333333333
fluoxetine,2014-06,0.33886666666666665,0,3,0.0
fluoxetine,2014-07,0.5,0,1,0.0
fluoxetine,2014-08,0.1082,1,3,0.3333333333333333
fluoxetine,2014-09,-0.10833333333333332,2,3,0.6666666666666666
fluoxetine,2014-10,-0.03905,0,4,0.0
fluoxetine,2014-11,0.020699999999999993,0,3,0.0
fluoxetine,2014-12,-0.0034666666666666687,1,3,0.3333333333333333
fluoxetine,2015-01,0.4862,0,3,0.0
fluoxetine,2015-02,0.0369,1,5,0.2
fluoxetine,2015-03,-0.043649999999999994,0,6,0.0
fluoxetine,2015-04,-0.032940000000000004,0,5,0.0
fluoxetine,2015-05,0.1466285714285714,0,7,0.0
fluoxetine,2015-06,0.06445000000000001,1,8,0.125
fluoxetine,2015-07,0.07585,1,4,0.25
fluoxetine,2015-08,0.026550000000000004,2,8,0.25
fluoxetine,2015-09,-0.04379999999999999,3,8,0.375
fluoxetine,2015-10,0.039844444444444446,2,9,0.2222222222222222
fluoxetine,2015-11,0.009822222222222213,0,9,0.0
fluoxetine,2015-12,0.006312499999999999,2,8,0.25
fluoxetine,2016-01,-0.014063636363636363,5,11,0.45454545454545453
fluoxetine,2016-02,-0.007020000000000001,1,5,0.2
fluoxetine,2016-03,0.2244,0,1,0.0
fluoxetine,2016-04,0.02329000000000001,2,10,0.2
fluoxetine,2016-05,-0.17627142857142858,1,7,0.14285714285714285
fluoxetine,2016-06,0.04705,1,4,0.25
fluoxetine,2016-07,0.03680909090909091,4,11,0.36363636363636365
fluoxetine,2016-08,0.09415,1,8,0.125
fluoxetine,2016-09,0.0531,3,7,0.42857142857142855
fluoxetine,2016-10,0.07561428571428572,0,7,0.0
fluoxetine,2016-11,-0.04716666666666667,1,6,0.16666666666666666
fluoxetine,2016-12,0.06803000000000001,2,10,0.2
fluoxetine,2017-01,-0.05685,2,8,0.25
fluoxetine,2017-02,-0.0638857142857143,1,7,0.14285714285714285
fluoxetine,2017-03,-0.021257142857142867,2,7,0.2857142857142857
fluoxetine,2017-04,0.0020199999999999997,1,5,0.2
fluoxetine,2017-05,0.024525000000000005,2,4,0.5
fluoxetine,2017-06,0.076,0,3,0.0
fluoxetine,2017-07,0.05289230769230769,3,13,0.23076923076923078
fluoxetine,2017-08,-0.0025857142857142823,2,7,0.2857142857142857
fluoxetine,2017-09,0.09333333333333332,1,3,0.3333333333333333
fluoxetine,2017-10,0.035825,1,4,0.25
fluoxetine,2017-11,-0.041666666666666664,2,3,0.6666666666666666
fluoxetine,2017-12,0.15886666666666666,1,3,0.3333333333333333
gabapentin,2008-02,-0.135,1,1,1.0
gabapentin,2008-03,0.14405,0,2,0.0
gabapentin,2008-05,0.029150000000000002,0,2,0.0
gabapentin,2008-07,0.0125,0,1,0.0
gabapentin,2008-09,0.025,0,1,0.0
gabapentin,2008-11,-0.04895,0,4,0.0
gabapentin,2009-01,0.275,0,2,0.0
gabapentin,2009-02,0.1625,0,1,0.0
gabapentin,2009-04,0.0363,0,2,0.0
gabapentin,2009-05,-0.118,0,1,0.0
gabapentin,2009-06,0.0022,1,2,0.5
gabapentin,2009-07,0.06493333333333333,0,3,0.0
gabapentin,2009-08,0.0,0,1,0.0
gabapentin,2009-09,0.15688,1,5,0.2
gabapentin,2009-10,0.625,0,1,0.0
gabapentin,2009-11,0.14125000000000001,0,4,0.0
gabapentin,2009-12,-0.1292,1,3,0.3333333333333333
gabapentin,2010-02,0.057499999999999996,0,3,0.0
gabapentin,2010-03,-0.1556,1,1,1.0
gabapentin,2010-04,-0.0167,0,1,0.0
gabapentin,2010-05,-0.025649999999999992,0,2,0.0
gabapentin,2010-06,0.09910000000000001,1,3,0.3333333333333333
gabapentin,2010-08,0.1867,0,1,0.0
gabapentin,2010-09,0.29813333333333336,0,3,0.0
gabapentin,2010-10,0.08705,1,2,0.5
gabapentin,2010-11,0.112,0,1,0.0
gabapentin,2011-01,0.11473333333333331,0,3,0.0
gabapentin,2011-02,0.13335,0,2,0.0
gabapentin,2011-03,-0.025766666666666663,1,3,0.3333333333333333
gabapentin,2011-04,0.0699,1,1,1.0
gabapentin,2011-06,0.3312,1,1,1.0
gabapentin,2011-07,0.075,1,2,0.5
gabapentin,2011-08,0.11683333333333333,2,3,0.6666666666666666
gabapentin,2011-09,-0.0987,0,1,0.0
gabapentin,2011-11,0.31805,0,2,0.0
gabapentin,2012-01,0.19827499999999998,0,4,0.0
gabapentin,2012-03,0.1469,0,3,0.0
gabapentin,2012-04,-0.14685,0,2,0.0
gabapentin,2012-05,0.1,0,1,0.0
gabapentin,2012-06,0.24605,0,2,0.0
gabapentin,2012-07,0.1512,0,1,0.0
gabapentin,2012-08,0.0913,0,1,0.0
gabapentin,2012-10,0.1458,0,1,0.0
gabapentin,2012-11,-0.04765,0,2,0.0
gabapentin,2012-12,0.1786,0,1,0.0
gabapentin,2013-01,0.0057,0,1,0.0
gabapentin,2013-03,-0.0687,0,1,0.0
gabapentin,2013-04,0.22266666666666668,1,3,0.3333333333333333
gabapentin,2013-05,0.30443333333333333,1,3,0.3333333333333333
gabapentin,2013-06,0.11645,0,2,0.0
gabapentin,2013-07,-0.13,1,4,0.25
gabapentin,2013-08,-0.10370000000000001,0,3,0.0
gabapentin,2013-09,-0.0625,0,1,0.0
gabapentin,2013-10,-0.0024999999999999883,1,2,0.5
gabapentin,2013-11,0.27230000000000004,0,3,0.0
gabapentin,2013-12,0.0837,1,4,0.25
gabapentin,2014-01,-0.0171,0,2,0.0
gabapentin,2014-02,0.07035,0,2,0.0
gabapentin,2014-03,0.07894999999999999,1,2,0.5
gabapentin,2014-04,0.3671,0,3,0.0
gabapentin,2014-05,0.017599999999999998,0,4,0.0
gabapentin,2014-06,0.0946,0,3,0.0
gabapentin,2014-07,0.10451999999999999,2,5,0.4
gabapentin,2014-08,0.05115,0,2,0.0
gabapentin,2014-09,0.09213333333333333,1,3,0.3333333333333333
gabapentin,2014-10,0.21005,0,4,0.0
gabapentin,2014-11,-0.15205,1,2,0.5
gabapentin,2014-12,-0.021766666666666674,2,3,0.6666666666666666
gabapentin,2015-01,0.1399,0,2,0.0
gabapentin,2015-02,-0.004299999999999998,0,2,0.0
gabapentin,2015-03,0.23603333333333332,1,3,0.3333333333333333
gabapentin,2015-04,0.017633333333333334,0,9,0.0
gabapentin,2015-05,0.16323333333333334,0,6,0.0
gabapentin,2015-06,-0.0517875,1,8,0.125
gabapentin,2015-07,0.016033333333333333,0,3,0.0
gabapentin,2015-08,0.08831428571428572,0,7,0.0
gabapentin,2015-09,-0.06213333333333334,3,6,0.5
gabapentin,2015-10,-0.08822500000000001,0,4,0.0
gabapentin,2015-11,-0.08046666666666667,2,12,0.16666666666666666
gabapentin,2015-12,0.14395,3,6,0.5
gabapentin,2016-01,0.12668,2,10,0.2
gabapentin,2016-02,-0.008490909090909092,3,11,0.2727272727272727
gabapentin,2016-03,0.045691666666666665,2,12,0.16666666666666666
gabapentin,2016-04,-0.01700952380952381,5,21,0.23809523809523808
gabapentin,2016-05,0.039549999999999995,2,4,0.5
gabapentin,2016-06,-0.05522307692307692,1,13,0.07692307692307693
gabapentin,2016-07,0.07085999999999999,1,10,0.1
gabapentin,2016-08,0.006558333333333333,2,12,0.16666666666666666
gabapentin,2016-09,-0.024380000000000002,2,20,0.1
gabapentin,2016-10,0.08384545454545454,2,11,0.18181818181818182
gabapentin,2016-11,0.049716666666666666,0,12,0.0
gabapentin,2016-12,0.029436363636363636,1,11,0.09090909090909091
gabapentin,2017-01,0.09409000000000001,2,10,0.2
gabapentin,2017-02,-0.14761538461538462,7,13,0.5384615384615384
gabapentin,2017-03,0.09665,2,12,0.16666666666666666
gabapentin,2017-04,0.04886666666666666,1,9,0.1111111111111111
gabapentin,2017-05,-0.051458333333333335,3,12,0.25
gabapentin,2017-06,0.012266666666666667,0,9,0.0
gabapentin,2017-07,0.0883125,3,8,0.375
gabapentin,2017-08,0.06915714285714285,5,14,0.35714285714285715
gabapentin,2017-09,-0.06305714285714285,1,7,0.14285714285714285
gabapentin,2017-10,-0.07317777777777777,1,9,0.1111111111111111
gabapentin,2017-11,0.1101125,2,8,0.25
gabapentin,2017-12,-0.05036,1,5,0.2
implanon,2008-07,0.525,0,1,0.0
implanon,2009-02,-0.0107,1,1,1.0
implanon,2009-03,-0.04963333333333334,1,3,0.3333333333333333
implanon,2009-06,0.1926,1,1,1.0
implanon,2009-07,0.119925,1,4,0.25
implanon,2009-08,0.25,1,1,1.0
implanon,2009-09,0.058399999999999994,3,5,0.6
implanon,2009-10,0.051039999999999995,3,10,0.3
implanon,2009-11,0.167575,0,4,0.0
implanon,2009-12,0.05025,1,2,0.5
implanon,2010-01,0.029940000000000005,1,5,0.2
implanon,2010-02,0.11470000000000001,0,3,0.0
implanon,2010-03,0.22143333333333334,0,3,0.0
implanon,2010-04,0.10810000000000002,1,3,0.3333333333333333
implanon,2010-05,0.17225000000000001,2,10,0.2
implanon,2010-06,0.11280000000000001,1,2,0.5
implanon,2010-07,0.06670000000000001,2,5,0.4
implanon,2010-08,0.022785714285714288,0,7,0.0
implanon,2010-09,-0.0143,1,1,1.0
implanon,2010-10,0.1538625,4,8,0.5
implanon,2010-11,0.09104,2,5,0.4
implanon,2010-12,0.14980000000000002,0,3,0.0
implanon,2011-01,-0.06435,3,8,0.375
implanon,2011-02,-0.08957500000000002,2,4,0.5
implanon,2011-03,0.048060000000000005,2,5,0.4
implanon,2011-04,0.17494,0,5,0.0
implanon,2011-05,0.010916666666666665,1,6,0.16666666666666666
implanon,2011-06,0.05556,3,5,0.6
implanon,2011-07,-0.05602857142857143,4,7,0.5714285714285714
implanon,2011-08,0.20915714285714285,1,7,0.14285714285714285
implanon,2011-09,0.044214285714285706,2,7,0.2857142857142857
implanon,2011-10,0.10033333333333333,3,9,0.3333333333333333
implanon,2011-11,0.002714285714285713,2,7,0.2857142857142857
implanon,2011-12,-0.03122999999999999,4,10,0.4
implanon,2012-01,0.11394545454545456,6,11,0.5454545454545454
implanon,2012-02,0.13212857142857143,0,7,0.0
implanon,2012-03,0.12794285714285714,2,7,0.2857142857142857
implanon,2012-04,0.08954285714285715,4,7,0.5714285714285714
implanon,2012-05,0.12838,1,5,0.2
implanon,2012-06,0.055475000000000003,1,8,0.125
implanon,2012-07,0.12421666666666668,2,6,0.3333333333333333
implanon,2012-08,-0.015333333333333332,1,3,0.3333333333333333
implanon,2012-09,0.032266666666666666,1,3,0.3333333333333333
implanon,2012-10,0.009799999999999994,1,3,0.3333333333333333
implanon,2012-11,0.04335,0,2,0.0
implanon,2012-12,0.21080000000000002,0,2,0.0
implanon,2013-01,0.10751,3,10,0.3
implanon,2013-03,-0.015449999999999998,0,2,0.0
implanon,2013-04,0.2617,0,1,0.0
implanon,2013-05,0.3037,0,2,0.0
implanon,2013-06,0.06883333333333333,1,3,0.3333333333333333
implanon,2013-07,0.1383,0,1,0.0
implanon,2013-08,-0.055050000000000016,1,2,0.5
implanon,2013-09,0.16394,0,5,0.0
implanon,2013-10,0.01778333333333333,1,6,0.16666666666666666
implanon,2013-11,0.003400000000000005,2,3,0.6666666666666666
implanon,2014-01,-0.24185,1,2,0.5
implanon,2014-02,0.0912,0,4,0.0
implanon,2014-03,0.0552,0,2,0.0
implanon,2014-04,-0.15026666666666666,1,3,0.3333333333333333
implanon,2014-05,0.0016333333333333384,2,3,0.6666666666666666
implanon,2014-06,0.31579999999999997,2,4,0.5
implanon,2014-08,0.1952,1,2,0.5
implanon,2014-09,0.2417,0,1,0.0
implanon,2014-10,0.12793333333333334,1,3,0.3333333333333333
implanon,2014-11,-0.1531,0,1,0.0
implanon,2014-12,-0.0010499999999999989,0,2,0.0
implanon,2015-01,0.06352,0,5,0.0
implanon,2015-02,0.0929,0,4,0.0
implanon,2015-03,0.028260000000000007,0,5,0.0
implanon,2015-04,0.30656666666666665,1,3,0.3333333333333333
implanon,2015-05,-0.13413333333333333,1,9,0.1111111111111111
implanon,2015-06,0.005822222222222223,0,9,0.0
implanon,2015-07,0.10485714285714286,0,7,0.0
implanon,2015-08,-0.027425000000000005,1,4,0.25
implanon,2015-09,-0.1076,1,14,0.07142857142857142
implanon,2015-10,0.0005727272727272816,2,11,0.18181818181818182
implanon,2015-11,-0.028288888888888888,0,9,0.0
implanon,2015-12,0.11121818181818183,1,11,0.09090909090909091
implanon,2016-01,-0.020322222222222217,2,9,0.2222222222222222
implanon,2016-02,-0.08702,0,5,0.0
implanon,2016-03,0.010976923076923079,2,13,0.15384615384615385
implanon,2016-04,-0.011636363636363639,2,11,0.18181818181818182
implanon,2016-05,0.039762500000000006,2,8,0.25
implanon,2016-06,-0.110525,2,8,0.25
implanon,2016-07,0.06280000000000001,0,3,0.0
implanon,2016-08,-0.05386363636363636,2,11,0.18181818181818182
implanon,2016-09,0.07043333333333333,0,3,0.0
implanon,2016-10,-0.0587,0,3,0.0
implanon,2016-11,-0.038000000000000006,0,2,0.0
implanon,2016-12,0.0587,0,3,0.0
implanon,2017-01,0.1402,0,2,0.0
implanon,2017-02,0.10395,0,4,0.0
implanon,2017-03,0.1009,0,4,0.0
implanon,2017-04,0.0055666666666666755,0,6,0.0
implanon,2017-05,0.09567500000000001,0,4,0.0
implanon,2017-06,0.029200000000000004,0,5,0.0
implanon,2017-07,0.09945,0,2,0.0
implanon,2017-09,0.28750000000000003,1,2,0.5
implanon,2017-10,0.22915,1,2,0.5
implanon,2017-11,0.04121666666666667,1,6,0.16666666666666666
levonorgestrel,2009-02,0.02355,1,2,0.5
levonorgestrel,2009-06,-0.04805,1,2,0.5
levonorgestrel,2009-08,0.06079999999999999,2,2,1.0
levonorgestrel,2009-12,0.113,1,1,1.0
levonorgestrel,2010-01,0.09630000000000001,1,2,0.5
levonorgestrel,2010-02,-0.0062,0,1,0.0
levonorgestrel,2010-05,0.0811,1,1,1.0
levonorgestrel,2010-07,-0.22,1,1,1.0
levonorgestrel,2010-08,-0.018450000000000005,1,2,0.5
levonorgestrel,2010-12,0.1013,0,1,0.0
levonorgestrel,2011-01,-0.0389,0,1,0.0
levonorgestrel,2011-02,-0.0512,1,1,1.0
levonorgestrel,2011-04,0.325,1,2,0.5
levonorgestrel,2011-05,-0.1075,1,1,1.0
levonorgestrel,2011-06,-0.0012499999999999976,2,4,0.5
levonorgestrel,2011-07,0.059566666666666664,1,3,0.3333333333333333
levonorgestrel,2011-09,0.008199999999999999,1,2,0.5
levonorgestrel,2011-10,-0.046566666666666666,3,3,1.0
levonorgestrel,2011-11,0.19273333333333334,3,3,1.0
levonorgestrel,2011-12,0.15125,1,2,0.5
levonorgestrel,2012-01,0.030366666666666663,2,3,0.6666666666666666
levonorgestrel,2012-02,0.20615,2,4,0.5
levonorgestrel,2012-03,0.1215,1,3,0.3333333333333333
levonorgestrel,2012-04,-0.014839999999999997,1,5,0.2
levonorgestrel,2012-05,0.19655,1,2,0.5
levonorgestrel,2012-06,-0.11926666666666667,1,3,0.3333333333333333
levonorgestrel,2012-07,0.13365,0,2,0.0
levonorgestrel,2012-08,0.0299,1,1,1.0
levonorgestrel,2012-09,0.03415,1,2,0.5
levonorgestrel,2012-10,0.1313,0,1,0.0
levonorgestrel,2012-11,0.1592,0,1,0.0
levonorgestrel,2012-12,0.516,0,1,0.0
levonorgestrel,2013-01,0.0933,1,2,0.5
levonorgestrel,2013-03,0.057999999999999996,1,2,0.5
levonorgestrel,2013-07,-0.181,0,1,0.0
levonorgestrel,2013-09,0.0302,0,1,0.0
levonorgestrel,2013-10,0.0758,0,1,0.0
levonorgestrel,2013-11,0.10643333333333334,0,3,0.0
levonorgestrel,2013-12,0.0,0,1,0.0
levonorgestrel,2014-01,0.1502,0,2,0.0
levonorgestrel,2014-02,-0.15639999999999998,0,2,0.0
levonorgestrel,2014-03,0.04235,0,2,0.0
levonorgestrel,2014-04,0.3667,0,1,0.0
levonorgestrel,2014-05,-0.0592,0,1,0.0
levonorgestrel,2014-06,-0.07569999999999999,1,2,0.5
levonorgestrel,2014-07,0.0128,0,1,0.0
levonorgestrel,2014-10,1.0,0,1,0.0
levonorgestrel,2014-12,-0.0402,0,1,0.0
levonorgestrel,2015-01,0.12652,0,5,0.0
levonorgestrel,2015-02,-0.4395,1,2,0.5
levonorgestrel,2015-03,0.1425,1,2,0.5
levonorgestrel,2015-04,-0.0167,1,5,0.2
levonorgestrel,2015-05,-0.032619999999999996,1,5,0.2
levonorgestrel,2015-06,0.0016727272727272752,0,11,0.0
levonorgestrel,2015-07,0.044222222222222225,2,9,0.2222222222222222
levonorgestrel,2015-08,0.06823571428571429,2,14,0.14285714285714285
levonorgestrel,2015-09,-0.048946666666666666,2,15,0.13333333333333333
levonorgestrel,2015-10,-0.09969375,4,16,0.25
levonorgestrel,2015-11,-0.006800000000000002,0,13,0.0
levonorgestrel,2015-12,-0.017914285714285716,1,7,0.14285714285714285
levonorgestrel,2016-01,-0.015999999999999997,3,14,0.21428571428571427
levonorgestrel,2016-02,-0.05852222222222222,2,9,0.2222222222222222
levonorgestrel,2016-03,0.041107142857142856,3,14,0.21428571428571427
levonorgestrel,2016-04,-0.03269375,3,16,0.1875
levonorgestrel,2016-05,0.12115833333333333,1,12,0.08333333333333333
levonorgestrel,2016-06,0.028657142857142857,1,14,0.07142857142857142
levonorgestrel,2016-07,0.05698235294117647,1,17,0.058823529411764705
levonorgestrel,2016-08,-0.01788125,2,16,0.125
levonorgestrel,2016-09,0.02243571428571428,3,14,0.21428571428571427
levonorgestrel,2016-10,-0.0238,0,11,0.0
levonorgestrel,2016-11,-0.019085714285714286,3,14,0.21428571428571427
levonorgestrel,2016-12,-0.022684615384615383,4,13,0.3076923076923077
levonorgestrel,2017-01,0.08825555555555556,0,9,0.0
levonorgestrel,2017-02,-0.021853333333333332,4,15,0.26666666666666666
levonorgestrel,2017-03,0.0336909090909091,2,11,0.18181818181818182
levonorgestrel,2017-04,-0.01909230769230769,1,13,0.07692307692307693
levonorgestrel,2017-05,0.012436363636363634,0,11,0.0
levonorgestrel,2017-06,0.08695625,0,16,0.0
levonorgestrel,2017-07,0.059613333333333324,1,15,0.06666666666666667
levonorgestrel,2017-08,-0.006146153846153848,2,13,0.15384615384615385
levonorgestrel,2017-09,0.011824999999999988,3,8,0.375
levonorgestrel,2017-10,-0.11803000000000001,4,20,0.2
levonorgestrel,2017-11,0.11670909090909092,2,11,0.18181818181818182
levonorgestrel,2017-12,-0.0038,0,1,0.0
lexapro,2008-02,0.093,0,1,0.0
lexapro,2008-03,0.1932,2,3,0.6666666666666666
lexapro,2008-04,0.0817,0,1,0.0
lexapro,2008-07,0.260125,1,4,0.25
lexapro,2008-08,-0.65,0,1,0.0
lexapro,2008-09,0.075,1,1,1.0
lexapro,2008-11,0.3328,0,2,0.0
lexapro,2009-01,0.27125,1,2,0.5
lexapro,2009-02,-0.0008750000000000008,2,4,0.5
lexapro,2009-03,0.227675,0,4,0.0
lexapro,2009-04,0.0623,1,4,0.25
lexapro,2009-05,-0.0229,0,3,0.0
lexapro,2009-06,0.06296666666666666,0,3,0.0
lexapro,2009-07,-0.010000000000000009,0,3,0.0
lexapro,2009-08,0.035,1,3,0.3333333333333333
lexapro,2009-09,0.2037,1,3,0.3333333333333333
lexapro,2009-10,0.12898333333333334,1,6,0.16666666666666666
lexapro,2009-11,0.04202857142857143,3,7,0.42857142857142855
lexapro,2010-02,0.24473333333333333,0,3,0.0
lexapro,2010-04,4.625929269271485e-18,0,3,0.0
lexapro,2010-05,-0.024999999999999994,0,2,0.0
lexapro,2010-07,-0.045500000000000006,1,3,0.3333333333333333
lexapro,2010-08,0.0423,2,2,1.0
lexapro,2010-09,0.2,0,1,0.0
lexapro,2010-10,0.14514,5,5,1.0
lexapro,2010-11,0.10414999999999999,0,2,0.0
lexapro,2011-01,0.4272,0,2,0.0
lexapro,2011-02,0.10535,1,2,0.5
lexapro,2011-03,0.025033333333333335,0,3,0.0
lexapro,2011-04,0.10110000000000001,0,4,0.0
lexapro,2011-05,-0.03928333333333334,3,6,0.5
lexapro,2011-06,0.11954999999999999,0,2,0.0
lexapro,2011-07,-0.08159999999999999,3,3,1.0
lexapro,2011-08,0.10414999999999999,0,2,0.0
lexapro,2011-09,0.140925,2,4,0.5
lexapro,2011-10,0.0974,1,2,0.5
lexapro,2011-11,0.15656666666666666,2,3,0.6666666666666666
lexapro,2011-12,-0.1258,1,1,1.0
lexapro,2012-01,0.1913,0,2,0.0
lexapro,2012-02,0.1382,0,1,0.0
lexapro,2012-03,0.125,0,1,0.0
lexapro,2012-04,0.1968,0,1,0.0
lexapro,2012-05,-0.35335,1,2,0.5
lexapro,2012-06,0.0,0,1,0.0
lexapro,2012-07,-0.044500000000000005,0,2,0.0
lexapro,2012-09,0.46109999999999995,0,2,0.0
lexapro,2012-10,0.26185,1,2,0.5
lexapro,2012-11,-0.08045,1,2,0.5
lexapro,2012-12,0.19533333333333336,0,3,0.0
lexapro,2013-01,0.027925000000000002,2,4,0.5
lexapro,2013-02,0.09452857142857142,1,7,0.14285714285714285
lexapro,2013-03,0.21806666666666666,0,3,0.0
lexapro,2013-04,0.038775000000000004,3,4,0.75
lexapro,2013-05,0.10369999999999999,0,2,0.0
lexapro,2013-06,0.07802500000000001,2,4,0.5
lexapro,2013-07,-0.003616666666666671,3,6,0.5
lexapro,2013-08,0.09322,2,5,0.4
lexapro,2013-09,0.06115999999999999,1,5,0.2
lexapro,2013-10,-0.3201333333333333,1,3,0.3333333333333333
lexapro,2013-11,-0.06962,1,5,0.2
lexapro,2013-12,0.2778333333333333,1,3,0.3333333333333333
lexapro,2014-01,0.1625,0,2,0.0
lexapro,2014-02,-0.145,1,1,1.0
lexapro,2014-03,0.018850000000000002,0,2,0.0
lexapro,2014-04,-0.0706,0,2,0.0
lexapro,2014-05,0.0,0,1,0.0
lexapro,2014-06,-0.11825000000000001,0,2,0.0
lexapro,2014-07,0.07486666666666666,3,3,1.0
lexapro,2014-08,-0.17055,0,2,0.0
lexapro,2014-09,0.01076666666666667,2,3,0.6666666666666666
lexapro,2014-10,0.04926666666666666,1,3,0.3333333333333333
lexapro,2014-11,-0.09415,2,6,0.3333333333333333
lexapro,2014-12,-0.3146,0,2,0.0
lexapro,2015-01,0.139525,2,4,0.5
lexapro,2015-02,0.155,1,2,0.5
lexapro,2015-03,0.010233333333333336,1,3,0.3333333333333333
lexapro,2015-04,-0.05971428571428572,4,7,0.5714285714285714
lexapro,2015-05,0.046188888888888883,1,9,0.1111111111111111
lexapro,2015-06,0.026366666666666663,2,6,0.3333333333333333
lexapro,2015-07,-0.24184,1,5,0.2
lexapro,2015-08,0.07862222222222222,1,9,0.1111111111111111
lexapro,2015-09,0.0371,1,5,0.2
lexapro,2015-10,0.045514285714285715,1,7,0.14285714285714285
lexapro,2015-11,0.0039000000000000033,1,5,0.2
lexapro,2015-12,0.004700000000000003,3,9,0.3333333333333333
lexapro,2016-01,-0.12335,4,6,0.6666666666666666
lexapro,2016-02,0.06107499999999999,1,4,0.25
lexapro,2016-03,0.018266666666666678,4,6,0.6666666666666666
lexapro,2016-04,-0.10276666666666667,0,3,0.0
lexapro,2016-05,-0.10957777777777777,6,9,0.6666666666666666
lexapro,2016-06,0.08451249999999999,3,8,0.375
lexapro,2016-07,-0.140475,2,4,0.5
lexapro,2016-08,0.021614285714285714,2,7,0.2857142857142857
lexapro,2016-09,0.091325,2,4,0.5
lexapro,2016-10,0.006050000000000007,2,4,0.5
lexapro,2016-11,-0.07885,0,4,0.0
lexapro,2016-12,-0.2023,1,5,0.2
lexapro,2017-01,-0.011500000000000005,3,7,0.42857142857142855
lexapro,2017-02,-0.09659999999999999,0,2,0.0
lexapro,2017-03,0.03555,4,4,1.0
lexapro,2017-04,-0.1018,1,1,1.0
lexapro,2017-05,-0.036250000000000004,3,8,0.375
lexapro,2017-06,0.013999999999999997,1,8,0.125
lexapro,2017-07,-0.1594,1,1,1.0
lexapro,2017-08,-0.1943,0,2,0.0
lexapro,2017-09,-0.05118,2,5,0.4
lexapro,2017-10,-0.31025,2,2,1.0
lexapro,2017-11,0.019620000000000002,2,5,0.4
lexapro,2017-12,0.04546666666666666,0,3,0.0
liraglutide,2010-02,0.1302,0,1,0.0
liraglutide,2010-03,0.1281,0,1,0.0
liraglutide,2010-05,-0.0893,1,1,1.0
liraglutide,2010-06,0.10524999999999998,1,2,0.5
liraglutide,2010-07,-0.037000000000000005,1,2,0.5
liraglutide,2010-08,0.15375,1,2,0.5
liraglutide,2010-09,0.07189999999999999,1,2,0.5
liraglutide,2010-10,0.2169,2,4,0.5
liraglutide,2010-11,0.1073,0,3,0.0
liraglutide,2010-12,0.0241,1,1,1.0
liraglutide,2011-01,0.06196666666666666,1,3,0.3333333333333333
liraglutide,2011-02,0.1465,0,1,0.0
liraglutide,2011-03,-0.41945,2,2,1.0
liraglutide,2011-05,0.2079,0,1,0.0
liraglutide,2011-06,0.2667,0,1,0.0
liraglutide,2011-08,-0.1532,2,2,1.0
liraglutide,2011-09,0.0504,1,1,1.0
liraglutide,2011-10,0.15493333333333334,1,3,0.3333333333333333
liraglutide,2011-11,0.1661,0,1,0.0
liraglutide,2012-01,0.10443333333333334,0,3,0.0
liraglutide,2012-04,0.0088,0,1,0.0
liraglutide,2012-06,0.09575,0,2,0.0
liraglutide,2012-07,0.3422,1,1,1.0
liraglutide,2012-08,0.05924,1,5,0.2
liraglutide,2012-09,-0.0169,0,1,0.0
liraglutide,2012-11,0.3222,0,1,0.0
liraglutide,2013-01,0.027800000000000005,0,2,0.0
liraglutide,2013-02,0.1243,1,2,0.5
liraglutide,2013-03,0.2411,1,1,1.0
liraglutide,2013-04,-0.2,0,1,0.0
liraglutide,2013-05,0.0619,1,1,1.0
liraglutide,2013-06,0.1556,0,1,0.0
liraglutide,2013-07,0.0,0,1,0.0
liraglutide,2013-10,0.08835,2,2,1.0
liraglutide,2013-11,0.13615,0,2,0.0
liraglutide,2014-01,-0.2739,0,1,0.0
liraglutide,2014-02,0.3,0,1,0.0
liraglutide,2014-03,0.09355,0,2,0.0
liraglutide,2014-04,0.3017,0,1,0.0
liraglutide,2014-05,-0.023000000000000007,1,2,0.5
liraglutide,2014-06,-0.13274999999999998,1,2,0.5
liraglutide,2014-07,0.15115,2,2,1.0
liraglutide,2014-11,0.0489,0,1,0.0
liraglutide,2014-12,0.19,0,1,0.0
liraglutide,2015-01,0.029750000000000006,0,2,0.0
liraglutide,2015-02,-0.016033333333333333,1,3,0.3333333333333333
liraglutide,2015-04,-0.0983,1,1,1.0
liraglutide,2015-05,-0.0003,1,1,1.0
liraglutide,2015-06,-0.3506,1,2,0.5
liraglutide,2015-07,0.10239999999999999,1,3,0.3333333333333333
liraglutide,2015-08,0.06186666666666666,3,3,1.0
liraglutide,2015-09,0.042820000000000004,3,5,0.6
liraglutide,2015-10,-0.16789999999999997,3,6,0.5
liraglutide,2015-11,0.09665555555555555,1,9,0.1111111111111111
liraglutide,2015-12,-0.05337142857142858,1,7,0.14285714285714285
liraglutide,2016-01,0.048999999999999995,1,10,0.1
liraglutide,2016-02,-0.04383076923076923,2,13,0.15384615384615385
liraglutide,2016-03,-0.07449,1,10,0.1
liraglutide,2016-04,0.19315,1,8,0.125
liraglutide,2016-05,-0.029415384615384614,3,13,0.23076923076923078
liraglutide,2016-06,-0.03634545454545454,0,11,0.0
liraglutide,2016-07,0.09177272727272728,3,11,0.2727272727272727
liraglutide,2016-08,0.007845454545454544,2,11,0.18181818181818182
liraglutide,2016-09,0.060360000000000004,3,10,0.3
liraglutide,2016-10,0.10962999999999998,4,10,0.4
liraglutide,2016-11,-0.03982,2,10,0.2
liraglutide,2016-12,-0.051899999999999995,0,3,0.0
liraglutide,2017-01,0.003290909090909088,2,11,0.18181818181818182
liraglutide,2017-02,0.005700000000000007,4,11,0.36363636363636365
liraglutide,2017-03,0.05528888888888889,5,9,0.5555555555555556
liraglutide,2017-04,0.11545454545454546,0,11,0.0
liraglutide,2017-05,0.047157142857142856,2,14,0.14285714285714285
liraglutide,2017-06,0.04299411764705882,5,17,0.29411764705882354
liraglutide,2017-07,0.08321818181818182,2,11,0.18181818181818182
liraglutide,2017-08,-0.015007142857142854,2,14,0.14285714285714285
liraglutide,2017-09,0.17837272727272727,4,11,0.36363636363636365
liraglutide,2017-10,0.05405,0,4,0.0
liraglutide,2017-11,0.08471818181818182,1,11,0.09090909090909091
liraglutide,2017-12,0.014350000000000002,0,2,0.0
lo loestrin fe,2011-06,0.10439999999999999,1,2,0.5
lo loestrin fe,2011-07,0.125,0,1,0.0
lo loestrin fe,2011-08,0.101,0,2,0.0
lo loestrin fe,2011-09,0.0231,0,1,0.0
lo loestrin fe,2011-10,0.11,0,2,0.0
lo loestrin fe,2011-11,0.09758571428571428,0,7,0.0
lo loestrin fe,2011-12,0.043433333333333345,1,3,0.3333333333333333
lo loestrin fe,2012-01,-0.15126666666666666,0,3,0.0
lo loestrin fe,2012-02,4.999999999999449e-05,0,2,0.0
lo loestrin fe,2012-03,0.105175,0,4,0.0
lo loestrin fe,2012-04,0.040049999999999995,0,2,0.0
lo loestrin fe,2012-05,0.0315,0,3,0.0
lo loestrin fe,2012-06,0.064,0,3,0.0
lo loestrin fe,2012-07,-0.042825,0,4,0.0
lo loestrin fe,2012-08,-0.084575,0,4,0.0
lo loestrin fe,2012-09,0.02603333333333333,0,3,0.0
lo loestrin fe,2012-10,0.174,0,1,0.0
lo loestrin fe,2012-12,0.0568,0,1,0.0
lo loestrin fe,2013-01,0.05996666666666667,0,6,0.0
lo loestrin fe,2013-02,-0.043649999999999994,0,2,0.0
lo loestrin fe,2013-03,-0.03505000000000001,0,2,0.0
lo loestrin fe,2013-05,0.04253333333333333,0,3,0.0
lo loestrin fe,2013-06,0.0766,0,3,0.0
lo loestrin fe,2013-07,-0.03233333333333333,0,6,0.0
lo loestrin fe,2013-08,0.016933333333333328,0,3,0.0
lo loestrin fe,2013-09,0.2839,0,1,0.0
lo loestrin fe,2013-10,0.10540000000000001,0,5,0.0
lo loestrin fe,2013-11,-0.03766666666666667,0,6,0.0
lo loestrin fe,2013-12,-0.00785,0,2,0.0
lo loestrin fe,2014-01,-0.046479999999999994,1,5,0.2
lo loestrin fe,2014-02,0.2725,0,1,0.0
lo loestrin fe,2014-03,-0.021099999999999994,1,2,0.5
lo loestrin fe,2014-04,0.20901666666666666,0,6,0.0
lo loestrin fe,2014-05,0.17103333333333334,0,3,0.0
lo loestrin fe,2014-06,-0.14052857142857142,1,7,0.14285714285714285
lo loestrin fe,2014-07,0.0605,0,3,0.0
lo loestrin fe,2014-08,0.20623333333333335,0,3,0.0
lo loestrin fe,2014-09,0.042675,1,4,0.25
lo loestrin fe,2014-10,0.3561,0,1,0.0
lo loestrin fe,2014-11,0.156775,1,4,0.25
lo loestrin fe,2014-12,0.014533333333333334,0,3,0.0
lo loestrin fe,2015-01,0.06775,0,4,0.0
lo loestrin fe,2015-02,0.24901999999999996,1,5,0.2
lo loestrin fe,2015-03,0.014100000000000001,0,7,0.0
lo loestrin fe,2015-04,0.02782857142857143,0,7,0.0
lo loestrin fe,2015-05,-0.032125,0,4,0.0
lo loestrin fe,2015-06,0.11372857142857143,0,7,0.0
lo loestrin fe,2015-07,-0.014229999999999996,0,10,0.0
lo loestrin fe,2015-08,0.019431818181818186,1,22,0.045454545454545456
lo loestrin fe,2015-09,-0.007836363636363636,2,11,0.18181818181818182
lo loestrin fe,2015-10,0.042421428571428575,1,14,0.07142857142857142
lo loestrin fe,2015-11,0.005560000000000004,2,10,0.2
lo loestrin fe,2015-12,-0.06625384615384615,1,13,0.07692307692307693
lo loestrin fe,2016-01,0.07424615384615385,0,13,0.0
lo loestrin fe,2016-02,0.018213333333333335,2,15,0.13333333333333333
lo loestrin fe,2016-03,-0.016285714285714282,1,28,0.03571428571428571
lo loestrin fe,2016-04,-0.06460769230769231,1,13,0.07692307692307693
lo loestrin fe,2016-05,-0.04701666666666667,1,12,0.08333333333333333
lo loestrin fe,2016-06,0.0021375000000000005,2,16,0.125
lo loestrin fe,2016-07,0.13475714285714285,1,7,0.14285714285714285
lo loestrin fe,2016-08,0.033025,1,8,0.125
lo loestrin fe,2016-09,-0.09226000000000001,3,15,0.2
lo loestrin fe,2016-10,0.10567333333333334,1,15,0.06666666666666667
lo loestrin fe,2016-11,0.1112875,0,8,0.0
lo loestrin fe,2016-12,-0.0789,0,14,0.0
lo loestrin fe,2017-01,-0.00899333333333333,0,15,0.0
lo loestrin fe,2017-02,0.006159999999999997,1,10,0.1
lo loestrin fe,2017-03,0.06997142857142857,0,7,0.0
lo loestrin fe,2017-04,-0.16793750000000002,2,8,0.25
lo loestrin fe,2017-05,-0.0874111111111111,0,9,0.0
lo loestrin fe,2017-06,-0.028379999999999996,0,5,0.0
lo loestrin fe,2017-07,0.025766666666666667,1,9,0.1111111111111111
lo loestrin fe,2017-08,0.011677777777777778,0,9,0.0
lo loestrin fe,2017-09,-0.14234,0,5,0.0
lo loestrin fe,2017-10,0.17956666666666668,0,6,0.0
lo loestrin fe,2017-11,-0.0628,0,10,0.0
magnesium sulfate / potassium sulfate / sodium sulfate,2011-01,-0.5625,0,1,0.0
magnesium sulfate / potassium sulfate / sodium sulfate,2011-03,0.4,0,1,0.0
magnesium sulfate / potassium sulfate / sodium sulfate,2012-04,0.0687,0,1,0.0
magnesium sulfate / potassium sulfate / sodium sulfate,2012-05,0.1419,0,1,0.0
magnesium sulfate / potassium sulfate / sodium sulfate,2012-06,0.2437,0,1,0.0
magnesium sulfate / potassium sulfate / sodium sulfate,2012-07,-0.11665,0,2,0.0
magnesium sulfate / potassium sulfate / sodium sulfate,2012-08,-0.1074,0,1,0.0
magnesium sulfate / potassium sulfate / sodium sulfate,2012-09,0.0756,0,1,0.0
magnesium sulfate / potassium sulfate / sodium sulfate,2013-01,-0.17313333333333333,0,3,0.0
magnesium sulfate / potassium sulfate / sodium sulfate,2013-03,0.3473,0,1,0.0
magnesium sulfate / potassium sulfate / sodium sulfate,2013-05,-0.06793333333333333,0,3,0.0
magnesium sulfate / potassium sulfate / sodium sulfate,2013-07,0.0563,0,1,0.0
magnesium sulfate / potassium sulfate / sodium sulfate,2013-08,-0.1542,0,1,0.0
magnesium sulfate / potassium sulfate / sodium sulfate,2013-10,-0.06506,1,5,0.2
magnesium sulfate / potassium sulfate / sodium sulfate,2013-11,0.011649999999999994,0,2,0.0
magnesium sulfate / potassium sulfate / sodium sulfate,2013-12,0.07725,0,2,0.0
magnesium sulfate / potassium sulfate / sodium sulfate,2014-01,-0.027250000000000003,0,2,0.0
magnesium sulfate / potassium sulfate / sodium sulfate,2014-02,0.0093,0,1,0.0
magnesium sulfate / potassium sulfate / sodium sulfate,2014-03,0.0493,0,4,0.0
magnesium sulfate / potassium sulfate / sodium sulfate,2014-04,-0.01523333333333334,0,3,0.0
magnesium sulfate / potassium sulfate / sodium sulfate,2014-05,-0.0381,1,4,0.25
magnesium sulfate / potassium sulfate / sodium sulfate,2014-06,0.13743333333333332,0,3,0.0
magnesium sulfate / potassium sulfate / sodium sulfate,2014-07,0.0377,0,2,0.0
magnesium sulfate / potassium sulfate / sodium sulfate,2014-08,0.00950000000000001,0,7,0.0
magnesium sulfate / potassium sulfate / sodium sulfate,2014-09,0.23895,0,2,0.0
magnesium sulfate / potassium sulfate / sodium sulfate,2014-10,-0.032900000000000006,0,3,0.0
magnesium sulfate / potassium sulfate / sodium sulfate,2014-11,0.07097142857142857,0,7,0.0
magnesium sulfate / potassium sulfate / sodium sulfate,2014-12,-0.0046,0,4,0.0
magnesium sulfate / potassium sulfate / sodium sulfate,2015-01,0.03576,0,5,0.0
magnesium sulfate / potassium sulfate / sodium sulfate,2015-02,-0.13095,0,2,0.0
magnesium sulfate / potassium sulfate / sodium sulfate,2015-03,-0.004833333333333336,0,6,0.0
magnesium sulfate / potassium sulfate / sodium sulfate,2015-04,-0.029514285714285708,0,7,0.0
magnesium sulfate / potassium sulfate / sodium sulfate,2015-05,-0.0524,1,10,0.1
magnesium sulfate / potassium sulfate / sodium sulfate,2015-06,0.06248,0,5,0.0
magnesium sulfate / potassium sulfate / sodium sulfate,2015-07,-0.026357142857142857,0,7,0.0
magnesium sulfate / potassium sulfate / sodium sulfate,2015-08,-0.05569285714285715,0,14,0.0
magnesium sulfate / potassium sulfate / sodium sulfate,2015-09,0.037219999999999996,0,5,0.0
magnesium sulfate / potassium sulfate / sodium sulfate,2015-10,-0.07118750000000001,0,8,0.0
magnesium sulfate / potassium sulfate / sodium sulfate,2015-11,0.029328571428571426,0,14,0.0
magnesium sulfate / potassium sulfate / sodium sulfate,2015-12,-0.09203076923076924,1,13,0.07692307692307693
magnesium sulfate / potassium sulfate / sodium sulfate,2016-01,-0.009840000000000005,0,10,0.0
magnesium sulfate / potassium sulfate / sodium sulfate,2016-02,0.028983333333333333,0,6,0.0
magnesium sulfate / potassium sulfate / sodium sulfate,2016-03,-0.0093625,1,16,0.0625
magnesium sulfate / potassium sulfate / sodium sulfate,2016-04,-0.038675,0,12,0.0
magnesium sulfate / potassium sulfate / sodium sulfate,2016-05,0.022775000000000004,0,8,0.0
magnesium sulfate / potassium sulfate / sodium sulfate,2016-06,-0.08335,0,6,0.0
magnesium sulfate / potassium sulfate / sodium sulfate,2016-07,-0.10641764705882352,0,17,0.0
magnesium sulfate / potassium sulfate / sodium sulfate,2016-08,-0.09983333333333334,0,15,0.0
magnesium sulfate / potassium sulfate / sodium sulfate,2016-09,0.025992307692307696,0,13,0.0
magnesium sulfate / potassium sulfate / sodium sulfate,2016-10,0.1020875,0,8,0.0
magnesium sulfate / potassium sulfate / sodium sulfate,2016-11,-0.03387272727272727,0,11,0.0
magnesium sulfate / potassium sulfate / sodium sulfate,2016-12,0.1584,0,3,0.0
magnesium sulfate / potassium sulfate / sodium sulfate,2017-01,-0.010574999999999998,0,4,0.0
magnesium sulfate / potassium sulfate / sodium sulfate,2017-02,-0.11207500000000001,0,8,0.0
magnesium sulfate / potassium sulfate / sodium sulfate,2017-03,-0.04746,0,5,0.0
magnesium sulfate / potassium sulfate / sodium sulfate,2017-04,-0.02378571428571429,0,7,0.0
magnesium sulfate / potassium sulfate / sodium sulfate,2017-05,-0.010199999999999996,0,7,0.0
magnesium sulfate / potassium sulfate / sodium sulfate,2017-06,-0.014033333333333335,0,6,0.0
magnesium sulfate / potassium sulfate / sodium sulfate,2017-07,-0.0011999999999999975,0,10,0.0
magnesium sulfate / potassium sulfate / sodium sulfate,2017-08,0.001720000000000005,0,10,0.0
magnesium sulfate / potassium sulfate / sodium sulfate,2017-09,-0.21335,0,6,0.0
magnesium sulfate / potassium sulfate / sodium sulfate,2017-10,-0.001991666666666667,0,12,0.0
magnesium sulfate / potassium sulfate / sodium sulfate,2017-11,-0.09068000000000001,0,5,0.0
magnesium sulfate / potassium sulfate / sodium sulfate,2017-12,-0.017916666666666668,0,6,0.0
medroxyprogesterone,2008-07,1.0,0,1,0.0
medroxyprogesterone,2008-10,0.1,0,1,0.0
medroxyprogesterone,2008-11,0.2222,0,1,0.0
medroxyprogesterone,2008-12,0.19,0,2,0.0
medroxyprogesterone,2009-01,0.32084999999999997,0,2,0.0
medroxyprogesterone,2009-03,-0.013400000000000002,1,2,0.5
medroxyprogesterone,2009-04,0.0,0,1,0.0
medroxyprogesterone,2009-07,0.075,0,1,0.0
medroxyprogesterone,2009-08,0.3029,0,2,0.0
medroxyprogesterone,2009-09,-0.29164999999999996,0,2,0.0
medroxyprogesterone,2009-10,0.09725,0,2,0.0
medroxyprogesterone,2009-11,-0.078,0,1,0.0
medroxyprogesterone,2009-12,0.13235000000000002,0,2,0.0
medroxyprogesterone,2010-01,0.2151,0,1,0.0
medroxyprogesterone,2010-02,-0.039900000000000005,0,2,0.0
medroxyprogesterone,2010-06,-0.0054,0,1,0.0
medroxyprogesterone,2010-07,0.3125,0,1,0.0
medroxyprogesterone,2010-09,-0.0017,0,1,0.0
medroxyprogesterone,2011-01,0.08945,0,2,0.0
medroxyprogesterone,2011-03,0.1940333333333333,1,3,0.3333333333333333
medroxyprogesterone,2011-05,0.24033333333333332,1,3,0.3333333333333333
medroxyprogesterone,2011-06,-0.1348,0,2,0.0
medroxyprogesterone,2011-07,0.19663333333333335,0,3,0.0
medroxyprogesterone,2011-08,-0.014833333333333336,0,3,0.0
medroxyprogesterone,2011-09,0.0042,0,1,0.0
medroxyprogesterone,2011-10,0.1444,1,1,1.0
medroxyprogesterone,2011-11,0.02865,0,2,0.0
medroxyprogesterone,2012-01,-1.0,0,1,0.0
medroxyprogesterone,2012-03,-0.1886,0,1,0.0
medroxyprogesterone,2012-04,-0.1476333333333333,0,3,0.0
medroxyprogesterone,2012-05,0.1363,0,2,0.0
medroxyprogesterone,2012-06,0.07916666666666666,0,6,0.0
medroxyprogesterone,2012-07,-0.1375,0,1,0.0
medroxyprogesterone,2012-08,-0.004250000000000004,0,4,0.0
medroxyprogesterone,2012-09,0.0629,0,1,0.0
medroxyprogesterone,2012-10,-0.09534999999999999,0,2,0.0
medroxyprogesterone,2012-11,0.04886666666666665,0,3,0.0
medroxyprogesterone,2012-12,0.28125,0,2,0.0
medroxyprogesterone,2013-01,0.0755,0,1,0.0
medroxyprogesterone,2013-02,0.2,0,1,0.0
medroxyprogesterone,2013-03,-0.2233,0,1,0.0
medroxyprogesterone,2013-04,0.2556,0,1,0.0
medroxyprogesterone,2013-05,0.11050000000000001,0,2,0.0
medroxyprogesterone,2013-06,0.12606666666666666,0,3,0.0
medroxyprogesterone,2013-07,0.1697,0,1,0.0
medroxyprogesterone,2013-08,-0.0167,0,1,0.0
medroxyprogesterone,2013-09,-0.18675,0,2,0.0
medroxyprogesterone,2013-10,0.10355,1,2,0.5
medroxyprogesterone,2013-11,-0.005320000000000003,0,5,0.0
medroxyprogesterone,2014-01,-0.10010000000000001,0,3,0.0
medroxyprogesterone,2014-02,0.10195000000000001,0,2,0.0
medroxyprogesterone,2014-03,0.16885,0,2,0.0
medroxyprogesterone,2014-05,-0.06833333333333334,2,3,0.6666666666666666
medroxyprogesterone,2014-06,0.04466666666666667,1,3,0.3333333333333333
medroxyprogesterone,2014-07,-0.02616666666666667,0,3,0.0
medroxyprogesterone,2014-08,-0.014600000000000005,2,5,0.4
medroxyprogesterone,2014-09,-0.04033333333333334,1,6,0.16666666666666666
medroxyprogesterone,2014-10,0.14615,0,4,0.0
medroxyprogesterone,2014-11,-0.06958333333333333,0,6,0.0
medroxyprogesterone,2014-12,0.02405,0,4,0.0
medroxyprogesterone,2015-01,0.1431,1,5,0.2
medroxyprogesterone,2015-02,0.07723333333333333,0,3,0.0
medroxyprogesterone,2015-03,0.029200000000000004,0,6,0.0
medroxyprogesterone,2015-04,0.08961428571428573,1,14,0.07142857142857142
medroxyprogesterone,2015-05,-0.04550666666666667,0,15,0.0
medroxyprogesterone,2015-06,0.11524444444444443,1,9,0.1111111111111111
medroxyprogesterone,2015-07,0.14934285714285714,0,7,0.0
medroxyprogesterone,2015-08,0.07196923076923077,1,13,0.07692307692307693
medroxyprogesterone,2015-09,0.021521428571428573,1,14,0.07142857142857142
medroxyprogesterone,2015-10,0.06013529411764706,1,17,0.058823529411764705
medroxyprogesterone,2015-11,0.018788235294117647,0,17,0.0
medroxyprogesterone,2015-12,-0.022070588235294116,1,17,0.058823529411764705
medroxyprogesterone,2016-01,0.014741176470588235,0,17,0.0
medroxyprogesterone,2016-02,0.09154999999999999,1,14,0.07142857142857142
medroxyprogesterone,2016-03,0.05187857142857143,0,14,0.0
medroxyprogesterone,2016-04,0.06762857142857143,1,7,0.14285714285714285
medroxyprogesterone,2016-05,-0.16178,1,10,0.1
medroxyprogesterone,2016-06,-0.007010000000000001,1,10,0.1
medroxyprogesterone,2016-07,-0.03605833333333334,2,12,0.16666666666666666
medroxyprogesterone,2016-08,-0.03151333333333333,0,15,0.0
medroxyprogesterone,2016-09,0.07427142857142857,0,7,0.0
medroxyprogesterone,2016-10,0.09358333333333334,1,6,0.16666666666666666
medroxyprogesterone,2016-11,0.02771538461538461,1,13,0.07692307692307693
medroxyprogesterone,2016-12,0.08746,0,10,0.0
medroxyprogesterone,2017-01,0.007526315789473684,1,19,0.05263157894736842
medroxyprogesterone,2017-02,0.01582857142857143,0,7,0.0
medroxyprogesterone,2017-03,0.07622727272727273,0,11,0.0
medroxyprogesterone,2017-04,-0.07636666666666667,1,9,0.1111111111111111
medroxyprogesterone,2017-05,-0.12356,0,10,0.0
medroxyprogesterone,2017-06,0.08675999999999999,0,5,0.0
medroxyprogesterone,2017-07,0.038425,0,8,0.0
medroxyprogesterone,2017-08,-0.11257999999999999,0,5,0.0
medroxyprogesterone,2017-09,0.02373333333333333,0,6,0.0
medroxyprogesterone,2017-10,0.06135000000000001,0,6,0.0
medroxyprogesterone,2017-11,-0.206125,1,4,0.25
medroxyprogesterone,2017-12,0.015579999999999993,1,5,0.2
metronidazole,2008-05,0.175,0,1,0.0
metronidazole,2009-02,-0.2888,0,2,0.0
metronidazole,2009-07,-0.18730000000000002,1,2,0.5
metronidazole,2009-10,-0.3333,0,1,0.0
metronidazole,2009-11,0.0,0,1,0.0
metronidazole,2009-12,-0.05,0,1,0.0
metronidazole,2010-01,-0.048983333333333344,0,6,0.0
metronidazole,2010-03,0.12056666666666666,0,3,0.0
metronidazole,2010-04,-0.3344,0,1,0.0
metronidazole,2010-05,-0.3639,0,1,0.0
metronidazole,2010-11,-0.014500000000000013,0,2,0.0
metronidazole,2010-12,0.175,0,2,0.0
metronidazole,2011-01,0.2862,0,3,0.0
metronidazole,2011-02,0.0484,0,1,0.0
metronidazole,2011-09,-0.38595,0,2,0.0
metronidazole,2011-11,-0.3306,0,1,0.0
metronidazole,2011-12,0.08615,1,2,0.5
metronidazole,2012-01,0.2333,0,1,0.0
metronidazole,2012-02,-0.6187,1,1,1.0
metronidazole,2012-04,-0.1603,0,1,0.0
metronidazole,2012-05,-0.2568333333333333,1,3,0.3333333333333333
metronidazole,2012-06,-0.4375,1,1,1.0
metronidazole,2012-08,-0.1074,0,2,0.0
metronidazole,2012-09,-0.09165000000000001,1,2,0.5
metronidazole,2012-11,0.1131,0,1,0.0
metronidazole,2012-12,-0.1159,0,1,0.0
metronidazole,2013-01,0.2389,0,1,0.0
metronidazole,2013-02,-0.06916666666666667,1,3,0.3333333333333333
metronidazole,2013-03,-0.1271,0,1,0.0
metronidazole,2013-04,-0.04145,1,2,0.5
metronidazole,2013-05,0.25,0,1,0.0
metronidazole,2013-06,-0.0112,0,1,0.0
metronidazole,2013-07,0.1155,1,2,0.5
metronidazole,2013-08,-0.14325,0,2,0.0
metronidazole,2013-09,0.041749999999999995,1,4,0.25
metronidazole,2013-10,-0.13015,0,2,0.0
metronidazole,2013-11,-0.1829,0,1,0.0
metronidazole,2013-12,0.08006666666666666,0,3,0.0
metronidazole,2014-01,0.0667,0,1,0.0
metronidazole,2014-02,-0.1375,1,1,1.0
metronidazole,2014-03,0.07653333333333333,1,3,0.3333333333333333
metronidazole,2014-05,0.5,0,1,0.0
metronidazole,2014-06,-0.04037999999999999,0,5,0.0
metronidazole,2014-07,-0.15660000000000002,0,2,0.0
metronidazole,2014-08,-0.030299999999999997,2,3,0.6666666666666666
metronidazole,2014-09,-0.039,1,1,1.0
metronidazole,2014-10,-0.17403333333333335,0,3,0.0
metronidazole,2014-11,0.1394,0,2,0.0
metronidazole,2014-12,-0.19140000000000001,1,3,0.3333333333333333
metronidazole,2015-01,0.3378,0,2,0.0
metronidazole,2015-02,-0.0049999999999999975,0,2,0.0
metronidazole,2015-03,0.01942857142857143,0,7,0.0
metronidazole,2015-04,0.07282,1,5,0.2
metronidazole,2015-05,0.0822142857142857,1,7,0.14285714285714285
metronidazole,2015-06,-0.10017142857142858,1,7,0.14285714285714285
metronidazole,2015-07,0.002499999999999999,0,7,0.0
metronidazole,2015-08,-0.02224000000000002,0,5,0.0
metronidazole,2015-09,-0.13538999999999998,0,10,0.0
metronidazole,2015-10,0.00657333333333333,2,15,0.13333333333333333
metronidazole,2015-11,-0.002822222222222216,3,9,0.3333333333333333
metronidazole,2015-12,-0.17472,2,10,0.2
metronidazole,2016-01,-0.03593076923076923,1,13,0.07692307692307693
metronidazole,2016-02,-0.011315384615384618,1,13,0.07692307692307693
metronidazole,2016-03,-0.24964444444444445,2,9,0.2222222222222222
metronidazole,2016-04,-0.22855555555555554,2,9,0.2222222222222222
metronidazole,2016-05,0.09614285714285715,1,7,0.14285714285714285
metronidazole,2016-06,-0.018707692307692304,1,13,0.07692307692307693
metronidazole,2016-07,-0.01799166666666667,0,12,0.0
metronidazole,2016-08,-0.01649285714285714,2,14,0.14285714285714285
metronidazole,2016-09,-0.2586833333333333,3,6,0.5
metronidazole,2016-10,0.05766,1,5,0.2
metronidazole,2016-11,-0.042173333333333334,1,15,0.06666666666666667
metronidazole,2016-12,-0.0253,1,17,0.058823529411764705
metronidazole,2017-01,-0.06273913043478262,4,23,0.17391304347826086
metronidazole,2017-02,-0.0693090909090909,1,11,0.09090909090909091
metronidazole,2017-03,-0.08789166666666666,2,12,0.16666666666666666
metronidazole,2017-04,-0.2155375,3,8,0.375
metronidazole,2017-05,0.12766923076923076,0,13,0.0
metronidazole,2017-06,-0.06453529411764705,4,17,0.23529411764705882
metronidazole,2017-07,-0.1679,2,11,0.18181818181818182
metronidazole,2017-08,-0.12572999999999998,2,10,0.2
metronidazole,2017-09,0.013753333333333334,3,15,0.2
metronidazole,2017-10,-0.08842857142857141,4,7,0.5714285714285714
metronidazole,2017-11,-0.09327777777777775,2,9,0.2222222222222222
metronidazole,2017-12,0.008639999999999998,1,5,0.2
miconazole,2009-09,0.12905,1,2,0.5
miconazole,2009-10,0.875,0,1,0.0
miconazole,2010-01,0.1108,0,1,0.0
miconazole,2010-07,-1.0,0,1,0.0
miconazole,2012-07,0.8,0,1,0.0
miconazole,2013-05,0.2075,0,1,0.0
miconazole,2014-03,0.5,0,1,0.0
miconazole,2014-04,0.1427,0,1,0.0
miconazole,2014-07,0.11565,0,2,0.0
miconazole,2014-11,0.16875,0,2,0.0
miconazole,2014-12,-0.0148,0,3,0.0
miconazole,2015-01,-0.07500000000000001,0,2,0.0
miconazole,2015-02,-0.0167,0,1,0.0
miconazole,2015-03,-0.0554,2,3,0.6666666666666666
miconazole,2015-04,0.01502000000000001,0,5,0.0
miconazole,2015-05,0.1472,0,2,0.0
miconazole,2015-06,0.03685,1,4,0.25
miconazole,2015-07,0.04656153846153846,1,13,0.07692307692307693
miconazole,2015-08,-0.0578375,1,8,0.125
miconazole,2015-09,-0.02276923076923077,3,13,0.23076923076923078
miconazole,2015-10,0.006992857142857142,4,14,0.2857142857142857
miconazole,2015-11,0.010964285714285718,0,14,0.0
miconazole,2015-12,-0.07338125,2,16,0.125
miconazole,2016-01,0.06579375000000001,2,16,0.125
miconazole,2016-02,0.009459999999999998,2,10,0.2
miconazole,2016-03,-0.12955,1,16,0.0625
miconazole,2016-04,-0.08292500000000001,1,12,0.08333333333333333
miconazole,2016-05,-0.1450142857142857,2,14,0.14285714285714285
miconazole,2016-06,-0.16482105263157895,5,19,0.2631578947368421
miconazole,2016-07,-0.09499,3,20,0.15
miconazole,2016-08,-0.1040448275862069,3,29,0.10344827586206896
miconazole,2016-09,0.05586,1,5,0.2
miconazole,2016-10,-0.07848888888888889,0,9,0.0
miconazole,2016-11,0.0336,2,19,0.10526315789473684
miconazole,2016-12,-0.06059090909090909,2,11,0.18181818181818182
miconazole,2017-01,-0.1552681818181818,2,22,0.09090909090909091
miconazole,2017-02,-0.1607875,1,16,0.0625
miconazole,2017-03,-0.013500000000000009,0,15,0.0
miconazole,2017-04,0.016021052631578946,4,19,0.21052631578947367
miconazole,2017-05,0.028068749999999996,3,16,0.1875
miconazole,2017-06,0.039424999999999995,2,28,0.07142857142857142
miconazole,2017-07,-0.02455384615384615,0,13,0.0
miconazole,2017-08,-0.10397857142857143,0,14,0.0
miconazole,2017-09,-0.004081818181818176,2,11,0.18181818181818182
miconazole,2017-10,0.07538571428571428,3,14,0.21428571428571427
miconazole,2017-11,-0.058241666666666664,1,12,0.08333333333333333
miconazole,2017-12,-0.007700000000000002,1,4,0.25
mirena,2008-06,0.3948,0,1,0.0
mirena,2008-07,0.1333,0,1,0.0
mirena,2008-08,0.2125,0,1,0.0
mirena,2008-09,-0.0296,0,1,0.0
mirena,2008-10,-0.050749999999999997,1,2,0.5
mirena,2009-02,0.06313333333333333,2,3,0.6666666666666666
mirena,2009-05,0.2366,1,2,0.5
mirena,2009-06,0.014433333333333331,1,3,0.3333333333333333
mirena,2009-08,-0.107325,3,4,0.75
mirena,2009-09,0.11523333333333334,0,3,0.0
mirena,2009-10,0.05655000000000002,1,2,0.5
mirena,2009-11,0.22885,0,2,0.0
mirena,2009-12,0.17215,2,4,0.5
mirena,2010-01,0.12488333333333333,2,6,0.3333333333333333
mirena,2010-02,0.0903,0,1,0.0
mirena,2010-03,-0.3767,0,1,0.0
mirena,2010-05,0.0811,1,1,1.0
mirena,2010-07,0.01335,1,2,0.5
mirena,2010-08,0.012500000000000011,2,2,1.0
mirena,2010-09,0.1167,0,1,0.0
mirena,2010-10,0.07623333333333333,0,3,0.0
mirena,2010-11,-0.10245,2,2,1.0
mirena,2010-12,0.12315,0,2,0.0
mirena,2011-01,-0.2075,1,4,0.25
mirena,2011-02,0.0527,0,1,0.0
mirena,2011-03,0.0,0,1,0.0
mirena,2011-04,0.05706,2,5,0.4
mirena,2011-05,0.16123333333333334,2,3,0.6666666666666666
mirena,2011-06,0.13022857142857142,4,7,0.5714285714285714
mirena,2011-07,0.022475000000000005,2,4,0.5
mirena,2011-08,-0.0163,4,7,0.5714285714285714
mirena,2011-09,0.09298333333333332,3,6,0.5
mirena,2011-10,0.028187500000000004,3,8,0.375
mirena,2011-11,0.0474625,3,8,0.375
mirena,2011-12,0.06666666666666667,0,3,0.0
mirena,2012-01,0.00048333333333333675,6,6,1.0
mirena,2012-02,0.116575,5,8,0.625
mirena,2012-03,-0.08757999999999999,1,5,0.2
mirena,2012-04,0.12866666666666668,0,3,0.0
mirena,2012-05,0.09283333333333334,2,6,0.3333333333333333
mirena,2012-06,0.0461,2,2,1.0
mirena,2012-07,0.11950000000000001,2,4,0.5
mirena,2012-08,0.156225,3,4,0.75
mirena,2012-09,-0.024499999999999997,1,4,0.25
mirena,2012-10,0.008766666666666667,0,6,0.0
mirena,2012-11,0.009980000000000001,1,5,0.2
mirena,2012-12,0.0472,0,2,0.0
mirena,2013-01,0.06024,3,5,0.6
mirena,2013-02,0.007220000000000004,1,5,0.2
mirena,2013-03,-0.004900000000000002,1,2,0.5
mirena,2013-04,0.0311,1,1,1.0
mirena,2013-05,0.03706666666666667,0,3,0.0
mirena,2013-06,0.0689,0,1,0.0
mirena,2013-07,-0.0985,0,1,0.0
mirena,2013-10,0.12562,1,5,0.2
mirena,2013-11,0.10017499999999999,2,4,0.5
mirena,2013-12,-0.0563,0,1,0.0
mirena,2014-01,-0.06949999999999999,0,3,0.0
mirena,2014-02,0.0779,0,2,0.0
mirena,2014-03,0.2048,0,1,0.0
mirena,2014-04,-0.12513333333333332,0,3,0.0
mirena,2014-05,-0.0068000000000000005,3,4,0.75
mirena,2014-06,0.07667500000000001,2,4,0.5
mirena,2014-07,0.1654,1,1,1.0
mirena,2014-09,0.13385,1,2,0.5
mirena,2014-10,0.09515000000000001,0,2,0.0
mirena,2014-12,0.041100000000000005,1,4,0.25
mirena,2015-01,-0.14100000000000001,3,3,1.0
mirena,2015-02,0.096375,0,4,0.0
mirena,2015-03,0.01765,1,8,0.125
mirena,2015-04,-0.046261538461538465,4,13,0.3076923076923077
mirena,2015-05,-0.031027272727272733,3,11,0.2727272727272727
mirena,2015-06,0.020733333333333336,7,12,0.5833333333333334
mirena,2015-07,-0.045149999999999996,6,12,0.5
mirena,2015-08,-0.02701111111111111,4,9,0.4444444444444444
mirena,2015-09,-0.13902499999999998,5,12,0.4166666666666667
mirena,2015-10,-0.09745238095238096,7,21,0.3333333333333333
mirena,2015-11,0.0695875,0,8,0.0
mirena,2015-12,-0.05635,2,4,0.5
mirena,2016-01,0.015531249999999995,6,16,0.375
mirena,2016-02,-0.041333333333333326,2,6,0.3333333333333333
mirena,2016-03,0.08731333333333334,3,15,0.2
mirena,2016-04,0.07156,3,10,0.3
mirena,2016-05,0.053899999999999997,1,2,0.5
mirena,2016-06,0.08485000000000001,1,4,0.25
mirena,2016-07,0.0573,1,5,0.2
mirena,2016-08,0.03551666666666667,0,6,0.0
mirena,2016-09,0.10366666666666667,2,6,0.3333333333333333
mirena,2016-10,-0.0073999999999999995,2,3,0.6666666666666666
mirena,2016-11,-0.0787375,3,8,0.375
mirena,2016-12,-0.024499999999999997,4,6,0.6666666666666666
mirena,2017-01,0.22242499999999998,0,4,0.0
mirena,2017-02,-0.10572222222222222,4,9,0.4444444444444444
mirena,2017-03,0.0679,1,8,0.125
mirena,2017-04,0.05039090909090909,6,11,0.5454545454545454
mirena,2017-05,-0.11562499999999999,4,8,0.5
mirena,2017-06,-0.030733333333333335,1,3,0.3333333333333333
mirena,2017-07,-0.037919999999999995,2,10,0.2
mirena,2017-08,0.021080000000000005,2,10,0.2
mirena,2017-09,-0.17040000000000002,5,6,0.8333333333333334
mirena,2017-10,-0.14406000000000002,2,5,0.4
mirena,2017-11,0.01878333333333333,2,6,0.3333333333333333
nexplanon,2012-05,-0.2219,0,1,0.0
nexplanon,2013-03,-0.06989999999999999,1,2,0.5
nexplanon,2013-04,0.1602,0,1,0.0
nexplanon,2013-06,-0.14873333333333333,0,3,0.0
nexplanon,2013-07,0.1631,0,3,0.0
nexplanon,2013-08,0.0271,1,2,0.5
nexplanon,2013-09,0.14179999999999998,0,2,0.0
nexplanon,2013-10,0.02882500000000001,2,4,0.5
nexplanon,2013-11,0.22856666666666667,0,3,0.0
nexplanon,2013-12,0.105,0,1,0.0
nexplanon,2014-01,0.09124,2,5,0.4
nexplanon,2014-02,0.06334999999999999,2,2,1.0
nexplanon,2014-03,0.04996666666666666,0,3,0.0
nexplanon,2014-04,0.006599999999999998,1,2,0.5
nexplanon,2014-05,0.1295,1,1,1.0
nexplanon,2014-06,-0.1,1,1,1.0
nexplanon,2014-07,0.14776,0,5,0.0
nexplanon,2014-08,0.11876666666666667,1,3,0.3333333333333333
nexplanon,2014-09,0.1962,1,6,0.16666666666666666
nexplanon,2014-10,0.112,0,2,0.0
nexplanon,2014-11,0.0375,0,2,0.0
nexplanon,2014-12,0.11645,0,2,0.0
nexplanon,2015-01,0.033,0,4,0.0
nexplanon,2015-02,0.0472,0,1,0.0
nexplanon,2015-03,0.06342,2,5,0.4
nexplanon,2015-04,0.09136666666666667,1,9,0.1111111111111111
nexplanon,2015-05,0.012816666666666665,0,6,0.0
nexplanon,2015-06,0.11012857142857142,2,7,0.2857142857142857
nexplanon,2015-07,-0.004405882352941176,1,17,0.058823529411764705
nexplanon,2015-08,-0.007822222222222225,0,9,0.0
nexplanon,2015-09,0.09318181818181817,2,22,0.09090909090909091
nexplanon,2015-10,-0.08310000000000001,0,8,0.0
nexplanon,2015-11,0.01861764705882353,0,17,0.0
nexplanon,2015-12,0.03881428571428572,1,21,0.047619047619047616
nexplanon,2016-01,0.046283333333333336,0,12,0.0
nexplanon,2016-02,0.02295714285714286,1,21,0.047619047619047616
nexplanon,2016-03,-0.05818333333333333,3,30,0.1
nexplanon,2016-04,0.06970625,5,16,0.3125
nexplanon,2016-05,-0.08405882352941177,0,17,0.0
nexplanon,2016-06,0.09232916666666667,2,24,0.08333333333333333
nexplanon,2016-07,0.0641529411764706,2,17,0.11764705882352941
nexplanon,2016-08,0.12200909090909091,0,11,0.0
nexplanon,2016-09,-0.0010636363636363625,2,11,0.18181818181818182
nexplanon,2016-10,0.0267,0,10,0.0
nexplanon,2016-11,-0.050783333333333326,2,12,0.16666666666666666
nexplanon,2016-12,0.028930769230769236,2,13,0.15384615384615385
nexplanon,2017-01,0.026746153846153847,3,13,0.23076923076923078
nexplanon,2017-02,0.009125000000000003,4,20,0.2
nexplanon,2017-03,0.04776363636363636,2,11,0.18181818181818182
nexplanon,2017-04,0.03516315789473684,0,19,0.0
nexplanon,2017-05,0.10535454545454546,2,11,0.18181818181818182
nexplanon,2017-06,0.08528888888888889,0,9,0.0
nexplanon,2017-07,-0.09882727272727275,2,11,0.18181818181818182
nexplanon,2017-08,0.04164285714285714,0,7,0.0
nexplanon,2017-09,-0.18294999999999997,1,6,0.16666666666666666
nexplanon,2017-10,0.05574285714285715,1,7,0.14285714285714285
nexplanon,2017-11,-0.009399999999999995,0,7,0.0
nexplanon,2017-12,0.02623333333333333,1,3,0.3333333333333333
nuvaring,2008-08,0.2375,0,1,0.0
nuvaring,2008-10,0.11835,0,2,0.0
nuvaring,2009-03,0.15,0,1,0.0
nuvaring,2009-05,-0.2679,0,1,0.0
nuvaring,2009-06,-0.0535,0,1,0.0
nuvaring,2009-08,0.17,0,1,0.0
nuvaring,2009-09,-0.24215,0,2,0.0
nuvaring,2009-10,0.07425,0,2,0.0
nuvaring,2009-11,0.1123,0,5,0.0
nuvaring,2009-12,0.056433333333333335,1,3,0.3333333333333333
nuvaring,2010-01,0.1575,0,2,0.0
nuvaring,2010-02,-0.0306,0,1,0.0
nuvaring,2010-03,0.1437,0,1,0.0
nuvaring,2010-04,0.22685,1,2,0.5
nuvaring,2010-07,0.21,0,1,0.0
nuvaring,2010-08,-0.62,0,1,0.0
nuvaring,2010-10,0.1108,0,1,0.0
nuvaring,2011-01,0.09455,0,2,0.0
nuvaring,2011-02,-0.06096666666666667,0,3,0.0
nuvaring,2011-03,0.019350000000000003,1,6,0.16666666666666666
nuvaring,2011-04,0.153725,0,4,0.0
nuvaring,2011-05,0.1905,0,1,0.0
nuvaring,2011-06,0.10439000000000001,0,10,0.0
nuvaring,2011-07,0.12444285714285715,2,7,0.2857142857142857
nuvaring,2011-08,0.1838,0,1,0.0
nuvaring,2011-09,0.1349,1,5,0.2
nuvaring,2011-10,0.12409999999999999,2,8,0.25
nuvaring,2011-11,0.039085714285714286,0,7,0.0
nuvaring,2011-12,0.2718285714285714,0,7,0.0
nuvaring,2012-01,0.154775,0,4,0.0
nuvaring,2012-02,0.03675,0,8,0.0
nuvaring,2012-03,0.07902500000000001,0,4,0.0
nuvaring,2012-04,-0.015183333333333333,0,6,0.0
nuvaring,2012-05,0.30835,0,2,0.0
nuvaring,2012-06,0.17992000000000002,0,5,0.0
nuvaring,2012-07,0.1584,0,2,0.0
nuvaring,2012-08,0.20955000000000001,0,2,0.0
nuvaring,2012-09,-0.0010000000000000009,0,3,0.0
nuvaring,2012-10,0.12877999999999998,1,5,0.2
nuvaring,2012-11,0.2604,0,1,0.0
nuvaring,2012-12,0.034699999999999995,1,2,0.5
nuvaring,2013-01,0.07155714285714286,1,7,0.14285714285714285
nuvaring,2013-02,0.0001999999999999988,1,2,0.5
nuvaring,2013-03,-0.0070250000000000035,0,4,0.0
nuvaring,2013-04,0.3644,0,1,0.0
nuvaring,2013-05,0.07966,0,5,0.0
nuvaring,2013-06,0.21515,0,2,0.0
nuvaring,2013-07,0.114325,0,4,0.0
nuvaring,2013-08,0.22060000000000002,0,3,0.0
nuvaring,2013-09,0.2252,0,2,0.0
nuvaring,2013-10,0.11858333333333333,1,6,0.16666666666666666
nuvaring,2013-11,0.07964,0,5,0.0
nuvaring,2013-12,0.01865,1,2,0.5
nuvaring,2014-01,0.16946666666666665,0,3,0.0
nuvaring,2014-02,0.04996666666666666,0,3,0.0
nuvaring,2014-03,0.08837500000000001,1,4,0.25
nuvaring,2014-04,0.09455,2,8,0.25
nuvaring,2014-05,0.05704,1,5,0.2
nuvaring,2014-06,-0.004949999999999996,0,2,0.0
nuvaring,2014-07,0.010533333333333334,0,6,0.0
nuvaring,2014-08,-0.06330000000000001,0,3,0.0
nuvaring,2014-09,0.3304,0,1,0.0
nuvaring,2014-10,0.13343333333333332,1,3,0.3333333333333333
nuvaring,2014-11,0.4333,0,1,0.0
nuvaring,2014-12,0.2328,0,1,0.0
nuvaring,2015-01,0.13215000000000002,0,2,0.0
nuvaring,2015-02,0.055966666666666665,0,3,0.0
nuvaring,2015-03,0.08495,0,4,0.0
nuvaring,2015-04,0.05746,0,5,0.0
nuvaring,2015-05,-0.057775,0,4,0.0
nuvaring,2015-06,0.020727272727272733,0,11,0.0
nuvaring,2015-07,0.064975,0,8,0.0
nuvaring,2015-08,0.015583333333333338,1,12,0.08333333333333333
nuvaring,2015-09,0.10045000000000001,1,4,0.25
nuvaring,2015-10,0.04178333333333333,0,12,0.0
nuvaring,2015-11,0.08336,0,5,0.0
nuvaring,2015-12,-0.02295,0,2,0.0
nuvaring,2016-01,0.054669999999999996,0,10,0.0
nuvaring,2016-02,0.00414,0,10,0.0
nuvaring,2016-03,-0.013428571428571432,1,7,0.14285714285714285
nuvaring,2016-04,0.006916666666666667,0,6,0.0
nuvaring,2016-05,0.01428333333333333,0,6,0.0
nuvaring,2016-06,-0.04694999999999999,0,6,0.0
nuvaring,2016-07,0.209825,2,4,0.5
nuvaring,2016-08,0.17773333333333333,0,6,0.0
nuvaring,2016-09,0.216725,2,4,0.5
nuvaring,2016-10,-0.016925000000000003,0,4,0.0
nuvaring,2016-11,-0.09341666666666666,0,6,0.0
nuvaring,2016-12,-0.08881111111111112,1,9,0.1111111111111111
nuvaring,2017-01,0.12789999999999999,0,6,0.0
nuvaring,2017-02,0.0920888888888889,2,9,0.2222222222222222
nuvaring,2017-03,-0.01245,0,4,0.0
nuvaring,2017-04,0.019228571428571428,0,7,0.0
nuvaring,2017-05,0.1221875,0,8,0.0
nuvaring,2017-06,0.23833333333333337,1,3,0.3333333333333333
nuvaring,2017-07,0.1176,0,3,0.0
nuvaring,2017-08,0.2346,0,2,0.0
nuvaring,2017-09,-0.040279999999999996,0,5,0.0
nuvaring,2017-10,0.011779999999999995,1,5,0.2
nuvaring,2017-11,-0.008874999999999994,0,4,0.0
paroxetine,2008-03,0.0903,2,3,0.6666666666666666
paroxetine,2008-04,0.0008,0,1,0.0
paroxetine,2008-05,-0.2,0,1,0.0
paroxetine,2008-06,-0.3222,1,1,1.0
paroxetine,2008-08,0.2687,0,1,0.0
paroxetine,2008-10,-0.2833,0,1,0.0
paroxetine,2008-11,0.1278,0,1,0.0
paroxetine,2008-12,-0.2963,1,1,1.0
paroxetine,2009-02,0.195,0,2,0.0
paroxetine,2009-03,-0.14458,2,5,0.4
paroxetine,2009-04,-0.23335,1,2,0.5
paroxetine,2009-05,0.0622,2,3,0.6666666666666666
paroxetine,2009-06,0.14873333333333333,0,3,0.0
paroxetine,2009-07,0.082275,1,4,0.25
paroxetine,2009-08,0.8,0,1,0.0
paroxetine,2009-09,0.22096666666666667,0,3,0.0
paroxetine,2009-10,0.12209999999999999,2,3,0.6666666666666666
paroxetine,2009-11,-0.375,0,2,0.0
paroxetine,2009-12,0.13375,0,2,0.0
paroxetine,2010-01,-0.017675000000000003,2,4,0.5
paroxetine,2010-02,0.0818,0,3,0.0
paroxetine,2010-03,0.013599999999999998,1,2,0.5
paroxetine,2010-04,-0.0938,1,1,1.0
paroxetine,2010-05,-0.3143,0,1,0.0
paroxetine,2010-06,-0.10575,0,2,0.0
paroxetine,2010-07,-0.25905,0,2,0.0
paroxetine,2010-08,0.1016,1,2,0.5
paroxetine,2010-10,0.40835000000000005,0,2,0.0
paroxetine,2010-11,-0.4433,0,1,0.0
paroxetine,2010-12,0.0413,0,1,0.0
paroxetine,2011-02,-0.7875,1,1,1.0
paroxetine,2011-03,-0.16615,0,2,0.0
paroxetine,2011-04,-0.15875,1,2,0.5
paroxetine,2011-05,0.0057,1,1,1.0
paroxetine,2011-06,-1.0,0,1,0.0
paroxetine,2011-07,-0.08839999999999999,1,2,0.5
paroxetine,2011-08,0.35555000000000003,0,2,0.0
paroxetine,2011-09,0.16163333333333332,1,3,0.3333333333333333
paroxetine,2011-10,0.04355,1,2,0.5
paroxetine,2011-11,-0.0167,1,1,1.0
paroxetine,2011-12,-0.1136,0,1,0.0
paroxetine,2012-01,0.0694,0,1,0.0
paroxetine,2012-02,0.0375,0,1,0.0
paroxetine,2012-03,0.19835000000000003,1,4,0.25
paroxetine,2012-04,-0.0333,1,1,1.0
paroxetine,2012-05,0.09895000000000001,0,2,0.0
paroxetine,2012-07,-0.0561,1,1,1.0
paroxetine,2012-08,0.1607,0,1,0.0
paroxetine,2012-10,0.23153333333333337,0,3,0.0
paroxetine,2012-11,-0.4,0,1,0.0
paroxetine,2012-12,0.07076666666666667,0,3,0.0
paroxetine,2013-01,0.138,0,1,0.0
paroxetine,2013-02,0.1134,0,2,0.0
paroxetine,2013-03,0.14336000000000002,1,5,0.2
paroxetine,2013-04,-0.06773333333333333,2,3,0.6666666666666666
paroxetine,2013-05,0.11381666666666666,1,6,0.16666666666666666
paroxetine,2013-06,-0.02375,0,2,0.0
paroxetine,2013-07,0.0988,0,4,0.0
paroxetine,2013-08,0.06255,1,2,0.5
paroxetine,2013-09,0.1298,0,1,0.0
paroxetine,2013-10,0.0116,1,2,0.5
paroxetine,2013-11,0.1364,0,1,0.0
paroxetine,2014-01,0.1244333333333333,2,3,0.6666666666666666
paroxetine,2014-02,-0.2512,0,1,0.0
paroxetine,2014-03,0.18656666666666666,1,3,0.3333333333333333
paroxetine,2014-04,-0.09645,0,4,0.0
paroxetine,2014-05,-0.056249999999999994,1,2,0.5
paroxetine,2014-06,0.45625,0,2,0.0
paroxetine,2014-07,0.11040000000000001,2,5,0.4
paroxetine,2014-08,0.1764,0,4,0.0
paroxetine,2014-11,0.10125,0,2,0.0
paroxetine,2014-12,0.08784444444444445,5,9,0.5555555555555556
paroxetine,2015-01,0.10239999999999999,1,2,0.5
paroxetine,2015-02,0.105,0,3,0.0
paroxetine,2015-03,0.07945,3,6,0.5
paroxetine,2015-04,0.032225,1,4,0.25
paroxetine,2015-05,0.080925,2,4,0.5
paroxetine,2015-06,0.056299999999999996,1,5,0.2
paroxetine,2015-07,0.06435000000000002,1,4,0.25
paroxetine,2015-08,0.11323333333333332,1,9,0.1111111111111111
paroxetine,2015-09,0.26813333333333333,0,3,0.0
paroxetine,2015-10,0.16315000000000002,1,4,0.25
paroxetine,2015-11,-0.06292222222222223,3,9,0.3333333333333333
paroxetine,2015-12,-0.04542857142857143,1,7,0.14285714285714285
paroxetine,2016-01,0.0651,3,12,0.25
paroxetine,2016-02,0.01622500000000001,0,4,0.0
paroxetine,2016-03,0.12292,2,10,0.2
paroxetine,2016-04,-0.030235714285714286,4,14,0.2857142857142857
paroxetine,2016-05,0.02477499999999999,1,4,0.25
paroxetine,2016-06,0.07549090909090908,2,11,0.18181818181818182
paroxetine,2016-07,0.05886000000000001,3,5,0.6
paroxetine,2016-08,-0.017666666666666667,6,12,0.5
paroxetine,2016-09,0.03254,0,5,0.0
paroxetine,2016-10,0.05202000000000001,3,5,0.6
paroxetine,2016-11,0.02898,2,5,0.4
paroxetine,2016-12,-0.08815714285714285,1,7,0.14285714285714285
paroxetine,2017-01,0.029418181818181822,2,11,0.18181818181818182
paroxetine,2017-02,0.12585714285714286,1,7,0.14285714285714285
paroxetine,2017-03,-0.1390375,3,8,0.375
paroxetine,2017-04,0.08774,1,5,0.2
paroxetine,2017-05,0.0033714285714285647,2,7,0.2857142857142857
paroxetine,2017-06,-0.08574999999999999,0,8,0.0
paroxetine,2017-07,-0.07721818181818182,6,11,0.5454545454545454
paroxetine,2017-08,0.09214,0,5,0.0
paroxetine,2017-09,0.026525,1,4,0.25
paroxetine,2017-10,0.2194,0,1,0.0
paroxetine,2017-11,-0.1112,3,7,0.42857142857142855
paroxetine,2017-12,0.040950000000000014,1,2,0.5
phentermine,2008-03,0.1439,1,3,0.3333333333333333
phentermine,2008-04,0.5125000000000001,0,4,0.0
phentermine,2008-05,-0.1053,0,1,0.0
phentermine,2008-06,0.36000000000000004,0,3,0.0
phentermine,2008-07,0.12373333333333335,0,3,0.0
phentermine,2008-09,0.09849999999999999,0,3,0.0
phentermine,2008-11,0.2808,0,1,0.0
phentermine,2009-01,0.0625,0,1,0.0
phentermine,2009-02,0.0,0,1,0.0
phentermine,2009-03,0.06784,0,5,0.0
phentermine,2009-04,0.0431,0,5,0.0
phentermine,2009-05,0.053500000000000006,0,5,0.0
phentermine,2009-06,0.07545,0,6,0.0
phentermine,2009-07,0.2267,1,4,0.25
phentermine,2009-09,0.10795,1,4,0.25
phentermine,2009-10,-0.1615,0,1,0.0
phentermine,2009-11,0.132,1,2,0.5
phentermine,2010-02,-0.10064999999999999,1,4,0.25
phentermine,2010-03,0.1347,0,1,0.0
phentermine,2010-04,0.23139999999999997,0,3,0.0
phentermine,2010-05,0.1355,0,1,0.0
phentermine,2010-07,0.1375,0,1,0.0
phentermine,2010-08,0.16768,0,5,0.0
phentermine,2010-10,0.219,1,1,1.0
phentermine,2010-11,0.25,0,1,0.0
phentermine,2011-01,-0.0239,0,1,0.0
phentermine,2011-03,-0.0343,0,1,0.0
phentermine,2011-06,-0.1104,1,1,1.0
phentermine,2011-08,0.35,0,1,0.0
phentermine,2011-09,-0.023850000000000003,0,2,0.0
phentermine,2011-11,-0.1824,0,2,0.0
phentermine,2011-12,0.1714,0,1,0.0
phentermine,2012-01,0.1456,0,2,0.0
phentermine,2012-03,0.1929,0,1,0.0
phentermine,2012-04,-0.0881,0,1,0.0
phentermine,2012-05,0.0922,0,2,0.0
phentermine,2012-07,0.1948,0,1,0.0
phentermine,2012-09,0.1696,0,1,0.0
phentermine,2012-10,0.1033,0,1,0.0
phentermine,2013-01,0.4833,0,1,0.0
phentermine,2013-02,0.0735,0,3,0.0
phentermine,2013-03,0.036750000000000005,0,2,0.0
phentermine,2013-06,0.14453333333333332,0,3,0.0
phentermine,2013-07,0.0,0,1,0.0
phentermine,2013-08,0.0111,0,1,0.0
phentermine,2013-09,0.07776666666666666,0,3,0.0
phentermine,2013-10,0.1918,1,2,0.5
phentermine,2013-11,0.0519,0,2,0.0
phentermine,2014-01,-0.0003,1,1,1.0
phentermine,2014-02,0.15892,0,5,0.0
phentermine,2014-03,0.20785,0,2,0.0
phentermine,2014-04,0.09469999999999999,0,2,0.0
phentermine,2014-05,0.09232499999999999,1,4,0.25
phentermine,2014-06,0.0371,1,3,0.3333333333333333
phentermine,2014-07,0.05715,0,2,0.0
phentermine,2014-08,-0.0144,0,1,0.0
phentermine,2014-10,0.10222500000000001,1,4,0.25
phentermine,2014-11,0.14075,0,2,0.0
phentermine,2014-12,0.2077,0,1,0.0
phentermine,2015-01,0.1828,0,1,0.0
phentermine,2015-02,0.15365,0,2,0.0
phentermine,2015-03,0.051039999999999995,0,5,0.0
phentermine,2015-04,-0.10741428571428571,0,7,0.0
phentermine,2015-05,0.09319999999999999,0,5,0.0
phentermine,2015-06,0.21889999999999998,0,4,0.0
phentermine,2015-07,0.013312500000000001,1,8,0.125
phentermine,2015-08,0.350425,1,4,0.25
phentermine,2015-09,0.004928571428571433,0,7,0.0
phentermine,2015-10,0.05241428571428571,1,7,0.14285714285714285
phentermine,2015-11,0.008940000000000003,0,5,0.0
phentermine,2015-12,0.12910000000000002,1,7,0.14285714285714285
phentermine,2016-01,0.07265294117647059,2,17,0.11764705882352941
phentermine,2016-02,0.005149999999999998,0,2,0.0
phentermine,2016-03,-0.03536,1,5,0.2
phentermine,2016-04,0.06472499999999999,0,8,0.0
phentermine,2016-05,0.09751666666666665,1,6,0.16666666666666666
phentermine,2016-06,0.10813333333333332,0,6,0.0
phentermine,2016-07,0.027237499999999998,0,8,0.0
phentermine,2016-08,-0.00942857142857143,2,7,0.2857142857142857
phentermine,2016-09,0.20006666666666664,0,3,0.0
phentermine,2016-10,0.12181666666666667,0,6,0.0
phentermine,2016-11,0.081,0,2,0.0
phentermine,2016-12,0.09670000000000001,0,4,0.0
phentermine,2017-01,0.10217500000000002,0,4,0.0
phentermine,2017-02,0.04281666666666667,3,6,0.5
phentermine,2017-03,-0.054400000000000004,1,12,0.08333333333333333
phentermine,2017-04,0.08630769230769232,2,13,0.15384615384615385
phentermine,2017-05,0.024975,2,8,0.25
phentermine,2017-06,0.07634285714285714,0,7,0.0
phentermine,2017-07,0.07192499999999999,0,4,0.0
phentermine,2017-08,0.1386666666666667,0,3,0.0
phentermine,2017-09,0.1176,0,5,0.0
phentermine,2017-10,-0.0161,0,1,0.0
phentermine,2017-11,0.11477499999999999,1,4,0.25
phentermine,2017-12,-0.2104,1,1,1.0
plan b,2008-04,0.11960000000000001,0,2,0.0
plan b,2009-03,0.2,0,1,0.0
plan b,2009-12,0.2001,0,1,0.0
plan b,2011-04,-0.3333,0,1,0.0
plan b,2011-10,0.1549,0,2,0.0
plan b,2013-04,0.050449999999999995,0,2,0.0
plan b,2013-05,-0.025,1,1,1.0
plan b,2013-06,-0.0761,1,1,1.0
plan b,2013-07,0.08945,0,2,0.0
plan b,2013-09,0.0722,0,2,0.0
plan b,2013-10,0.0111,0,1,0.0
plan b,2014-01,0.15595,0,2,0.0
plan b,2014-02,0.0907,0,1,0.0
plan b,2014-03,0.1012,1,1,1.0
plan b,2014-04,-0.2025,1,1,1.0
plan b,2014-05,0.040425,1,4,0.25
plan b,2014-07,-0.12085,0,2,0.0
plan b,2014-08,0.1677666666666667,0,3,0.0
plan b,2014-09,-0.13816666666666666,0,3,0.0
plan b,2014-10,0.14845,0,2,0.0
plan b,2014-11,0.258025,0,4,0.0
plan b,2014-12,0.0468,1,2,0.5
plan b,2015-01,0.1491,1,6,0.16666666666666666
plan b,2015-02,-0.043133333333333336,0,3,0.0
plan b,2015-03,0.012066666666666667,1,9,0.1111111111111111
plan b,2015-04,0.17376,0,5,0.0
plan b,2015-05,0.08431666666666666,0,6,0.0
plan b,2015-06,0.0017333333333333322,0,6,0.0
plan b,2015-07,0.018571428571428572,1,7,0.14285714285714285
plan b,2015-08,0.0006999999999999973,0,14,0.0
plan b,2015-09,-0.0035750000000000035,1,4,0.25
plan b,2015-10,0.022300000000000007,1,5,0.2
plan b,2015-11,0.04025454545454545,1,11,0.09090909090909091
plan b,2015-12,0.012237499999999995,1,8,0.125
plan b,2016-01,0.11146666666666667,0,9,0.0
plan b,2016-02,0.030928571428571423,2,7,0.2857142857142857
plan b,2016-03,0.15411999999999998,1,5,0.2
plan b,2016-04,0.05436666666666667,1,3,0.3333333333333333
plan b,2016-05,0.1584875,0,8,0.0
plan b,2016-06,0.18334166666666665,1,12,0.08333333333333333
plan b,2016-07,0.05035,3,14,0.21428571428571427
plan b,2016-08,0.041176470588235294,1,17,0.058823529411764705
plan b,2016-09,0.015164285714285715,1,14,0.07142857142857142
plan b,2016-10,0.058850000000000006,1,6,0.16666666666666666
plan b,2016-11,0.07013125,2,16,0.125
plan b,2016-12,0.1330375,0,8,0.0
plan b,2017-01,0.20757142857142857,0,14,0.0
plan b,2017-02,0.10490000000000001,0,9,0.0
plan b,2017-03,0.13987142857142856,0,7,0.0
plan b,2017-04,0.05841666666666667,0,6,0.0
plan b,2017-05,0.049800000000000004,0,5,0.0
plan b,2017-06,0.0886375,0,8,0.0
plan b,2017-07,0.036475,1,4,0.25
plan b,2017-08,-0.0118375,0,8,0.0
plan b,2017-09,0.03295000000000001,1,8,0.125
plan b,2017-10,0.4303,0,1,0.0
plan b,2017-11,0.015825,1,4,0.25
plan b,2017-12,0.0303,0,1,0.0
pregabalin,2008-02,-0.0625,0,1,0.0
pregabalin,2008-03,-0.22540000000000004,0,4,0.0
pregabalin,2008-04,0.13,1,2,0.5
pregabalin,2008-05,0.1688,1,4,0.25
pregabalin,2008-06,-0.0389,0,2,0.0
pregabalin,2008-07,0.0,0,1,0.0
pregabalin,2008-08,0.14995,0,4,0.0
pregabalin,2008-09,0.47250000000000003,0,4,0.0
pregabalin,2008-10,0.3606666666666667,0,3,0.0
pregabalin,2008-11,-0.0625,0,1,0.0
pregabalin,2008-12,0.0597,0,1,0.0
pregabalin,2009-01,0.155,0,3,0.0
pregabalin,2009-02,-0.04723333333333333,0,3,0.0
pregabalin,2009-03,0.1648,0,2,0.0
pregabalin,2009-04,0.293675,0,4,0.0
pregabalin,2009-05,-0.04443333333333333,0,3,0.0
pregabalin,2009-06,-0.08435000000000001,0,2,0.0
pregabalin,2009-07,0.010119999999999999,0,5,0.0
pregabalin,2009-08,0.07526,2,5,0.4
pregabalin,2009-09,0.04347142857142857,1,7,0.14285714285714285
pregabalin,2009-10,0.06065,2,6,0.3333333333333333
pregabalin,2009-11,-0.08468571428571428,2,7,0.2857142857142857
pregabalin,2009-12,0.0824,2,9,0.2222222222222222
pregabalin,2010-01,0.04703333333333334,2,6,0.3333333333333333
pregabalin,2010-02,0.164225,0,4,0.0
pregabalin,2010-03,-0.095,1,1,1.0
pregabalin,2010-04,0.07756666666666666,2,3,0.6666666666666666
pregabalin,2010-05,0.0172,2,2,1.0
pregabalin,2010-06,0.0315,0,1,0.0
pregabalin,2010-07,-0.14504999999999998,1,2,0.5
pregabalin,2010-08,-0.1079,1,2,0.5
pregabalin,2010-09,0.15,0,2,0.0
pregabalin,2010-10,-0.056,1,1,1.0
pregabalin,2010-11,0.1718333333333333,0,3,0.0
pregabalin,2011-01,0.1628,0,1,0.0
pregabalin,2011-02,-0.0365,0,1,0.0
pregabalin,2011-03,-0.1184,0,1,0.0
pregabalin,2011-04,0.1,0,1,0.0
pregabalin,2011-05,0.1325,1,2,0.5
pregabalin,2011-06,0.05445,0,2,0.0
pregabalin,2011-07,0.05273333333333333,0,3,0.0
pregabalin,2011-08,0.09375,0,2,0.0
pregabalin,2011-09,0.20800000000000002,1,2,0.5
pregabalin,2011-10,0.04976666666666666,1,3,0.3333333333333333
pregabalin,2011-11,0.2638,0,1,0.0
pregabalin,2011-12,0.08677499999999999,1,4,0.25
pregabalin,2012-01,-0.055900000000000026,0,3,0.0
pregabalin,2012-02,0.15563333333333335,1,3,0.3333333333333333
pregabalin,2012-03,0.150475,1,4,0.25
pregabalin,2012-04,0.195,1,1,1.0
pregabalin,2012-05,0.0,0,1,0.0
pregabalin,2012-06,0.0333,0,1,0.0
pregabalin,2012-07,0.04876666666666667,1,3,0.3333333333333333
pregabalin,2012-08,-0.8,1,1,1.0
pregabalin,2012-09,-0.125,0,1,0.0
pregabalin,2012-10,0.15355,0,2,0.0
pregabalin,2013-01,0.03269999999999999,0,5,0.0
pregabalin,2013-02,0.0485,1,1,1.0
pregabalin,2013-03,0.021525000000000002,0,4,0.0
pregabalin,2013-04,0.01644,2,5,0.4
pregabalin,2013-05,-0.08872,2,5,0.4
pregabalin,2013-06,0.096375,0,4,0.0
pregabalin,2013-07,-0.03875,0,2,0.0
pregabalin,2013-08,0.1990333333333333,2,6,0.3333333333333333
pregabalin,2013-09,0.16,0,1,0.0
pregabalin,2013-10,-0.1321,0,2,0.0
pregabalin,2013-11,0.24480000000000002,1,2,0.5
pregabalin,2013-12,-0.07376666666666666,0,3,0.0
pregabalin,2014-01,-0.1714,0,1,0.0
pregabalin,2014-02,0.12362,1,5,0.2
pregabalin,2014-03,0.2889,0,1,0.0
pregabalin,2014-04,-0.006933333333333333,0,3,0.0
pregabalin,2014-05,-0.017300000000000003,0,2,0.0
pregabalin,2014-06,0.1483,0,1,0.0
pregabalin,2014-07,0.07339999999999999,0,5,0.0
pregabalin,2014-08,0.01335,0,2,0.0
pregabalin,2014-09,0.2855,0,1,0.0
pregabalin,2014-10,0.13174999999999998,1,2,0.5
pregabalin,2014-11,-0.00775,1,2,0.5
pregabalin,2014-12,-0.1083,0,1,0.0
pregabalin,2015-01,-0.017924999999999996,1,4,0.25
pregabalin,2015-02,0.1714,0,1,0.0
pregabalin,2015-03,0.05045,0,6,0.0
pregabalin,2015-04,-0.3167,0,1,0.0
pregabalin,2015-05,0.09165000000000001,0,2,0.0
pregabalin,2015-06,-0.16216666666666665,0,3,0.0
pregabalin,2015-07,0.0303,2,4,0.5
pregabalin,2015-08,0.02742,1,5,0.2
pregabalin,2015-09,0.02,0,4,0.0
pregabalin,2015-10,-0.049749999999999996,1,6,0.16666666666666666
pregabalin,2015-11,0.04585,1,6,0.16666666666666666
pregabalin,2015-12,0.119725,0,4,0.0
pregabalin,2016-01,-0.18111666666666668,1,6,0.16666666666666666
pregabalin,2016-02,0.2,0,1,0.0
pregabalin,2016-03,-0.18577500000000002,0,4,0.0
pregabalin,2016-04,0.00702222222222222,1,9,0.1111111111111111
pregabalin,2016-05,0.02168,2,5,0.4
pregabalin,2016-06,0.02695,0,4,0.0
pregabalin,2016-07,0.07022727272727272,2,11,0.18181818181818182
pregabalin,2016-08,-0.0394125,0,8,0.0
pregabalin,2016-09,-0.002233333333333328,0,3,0.0
pregabalin,2016-10,0.15230000000000002,1,7,0.14285714285714285
pregabalin,2016-11,0.0850875,3,8,0.375
pregabalin,2016-12,-0.06666,1,5,0.2
pregabalin,2017-01,-0.06046,2,15,0.13333333333333333
pregabalin,2017-02,-0.037919999999999995,0,10,0.0
pregabalin,2017-03,-0.06372727272727273,1,11,0.09090909090909091
pregabalin,2017-04,-0.017314285714285716,4,7,0.5714285714285714
pregabalin,2017-05,-0.1364625,3,8,0.375
pregabalin,2017-06,0.0361,0,1,0.0
pregabalin,2017-07,-0.21272500000000003,2,4,0.5
pregabalin,2017-08,0.0675,1,2,0.5
pregabalin,2017-09,0.45565,0,4,0.0
pregabalin,2017-10,0.12297500000000001,0,4,0.0
pregabalin,2017-11,0.23354999999999998,1,2,0.5
quetiapine,2008-04,0.2188,0,1,0.0
quetiapine,2008-05,-0.0859,1,1,1.0
quetiapine,2008-08,0.0833,0,1,0.0
quetiapine,2008-09,-0.1909,0,1,0.0
quetiapine,2008-10,-0.0875,0,1,0.0
quetiapine,2009-01,0.26042,0,5,0.0
quetiapine,2009-02,-0.04139999999999999,0,3,0.0
quetiapine,2009-03,-0.2333,0,1,0.0
quetiapine,2009-04,0.1833,2,2,1.0
quetiapine,2009-05,0.0444,1,1,1.0
quetiapine,2009-06,0.1973,2,4,0.5
quetiapine,2009-07,0.2904,1,2,0.5
quetiapine,2009-08,0.14318,0,5,0.0
quetiapine,2009-09,0.02685,1,4,0.25
quetiapine,2009-10,-0.04392000000000001,2,5,0.4
quetiapine,2009-11,0.5389,0,3,0.0
quetiapine,2009-12,0.3392,0,1,0.0
quetiapine,2010-01,0.06317500000000001,1,4,0.25
quetiapine,2010-02,0.259425,0,4,0.0
quetiapine,2010-03,-0.0702,0,1,0.0
quetiapine,2010-04,0.08635,1,6,0.16666666666666666
quetiapine,2010-05,0.0794,1,2,0.5
quetiapine,2010-07,0.09015000000000001,0,2,0.0
quetiapine,2010-08,-0.024999999999999994,0,2,0.0
quetiapine,2010-09,-0.1208,0,1,0.0
quetiapine,2010-10,0.35,1,1,1.0
quetiapine,2010-11,0.1897,0,1,0.0
quetiapine,2010-12,-0.0118,2,2,1.0
quetiapine,2011-01,0.22915000000000002,0,2,0.0
quetiapine,2011-02,-0.55,0,1,0.0
quetiapine,2011-03,-0.005825000000000004,1,4,0.25
quetiapine,2011-04,0.08003333333333333,1,3,0.3333333333333333
quetiapine,2011-05,0.019299999999999998,1,2,0.5
quetiapine,2011-06,-0.7,0,1,0.0
quetiapine,2011-08,0.27354999999999996,0,2,0.0
quetiapine,2011-09,-0.046033333333333336,0,3,0.0
quetiapine,2011-10,0.039599999999999996,0,2,0.0
quetiapine,2011-12,-0.037500000000000006,0,2,0.0
quetiapine,2012-01,-0.008933333333333333,2,3,0.6666666666666666
quetiapine,2012-03,0.1923,2,2,1.0
quetiapine,2012-04,0.10665,0,2,0.0
quetiapine,2012-05,0.20919999999999997,1,3,0.3333333333333333
quetiapine,2012-07,-0.08,0,3,0.0
quetiapine,2012-08,0.1751,0,3,0.0
quetiapine,2012-09,-0.10106666666666665,1,3,0.3333333333333333
quetiapine,2012-10,0.03416666666666667,1,3,0.3333333333333333
quetiapine,2012-11,-0.030350000000000002,0,4,0.0
quetiapine,2012-12,0.12083333333333333,0,3,0.0
quetiapine,2013-01,0.056933333333333336,0,3,0.0
quetiapine,2013-02,0.168375,0,4,0.0
quetiapine,2013-03,0.14098,1,5,0.2
quetiapine,2013-04,0.09963333333333331,0,3,0.0
quetiapine,2013-05,0.39605,1,2,0.5
quetiapine,2013-06,0.1002,1,2,0.5
quetiapine,2013-07,0.1625,0,2,0.0
quetiapine,2013-08,0.162075,1,4,0.25
quetiapine,2013-09,0.19458333333333333,1,6,0.16666666666666666
quetiapine,2013-10,0.159,0,1,0.0
quetiapine,2013-11,-0.0277,0,1,0.0
quetiapine,2014-01,0.1075,0,2,0.0
quetiapine,2014-02,0.14355,2,4,0.5
quetiapine,2014-03,0.19693333333333332,1,3,0.3333333333333333
quetiapine,2014-04,0.1827,1,3,0.3333333333333333
quetiapine,2014-05,0.30000000000000004,0,2,0.0
quetiapine,2014-06,0.27126666666666666,0,3,0.0
quetiapine,2014-07,0.05566666666666666,0,3,0.0
quetiapine,2014-08,0.081325,0,4,0.0
quetiapine,2014-09,0.2667,0,1,0.0
quetiapine,2014-10,0.1297,0,3,0.0
quetiapine,2014-11,0.248925,1,4,0.25
quetiapine,2014-12,0.1292,0,3,0.0
quetiapine,2015-01,-0.010000000000000002,0,2,0.0
quetiapine,2015-02,-0.25,0,1,0.0
quetiapine,2015-03,0.057857142857142864,0,7,0.0
quetiapine,2015-04,0.05151666666666666,1,6,0.16666666666666666
quetiapine,2015-05,0.06336666666666667,2,3,0.6666666666666666
quetiapine,2015-06,-0.083125,3,8,0.375
quetiapine,2015-07,0.22787142857142856,1,7,0.14285714285714285
quetiapine,2015-08,-0.054385714285714294,1,7,0.14285714285714285
quetiapine,2015-09,-0.10218333333333333,1,6,0.16666666666666666
quetiapine,2015-10,0.05907,1,10,0.1
quetiapine,2015-11,0.039475,1,12,0.08333333333333333
quetiapine,2015-12,0.09458571428571427,1,7,0.14285714285714285
quetiapine,2016-01,-0.0313,0,10,0.0
quetiapine,2016-02,-0.06337,0,10,0.0
quetiapine,2016-03,0.0618625,0,8,0.0
quetiapine,2016-04,0.04632727272727273,2,11,0.18181818181818182
quetiapine,2016-05,-0.11942,1,5,0.2
quetiapine,2016-06,-0.16888,0,5,0.0
quetiapine,2016-07,0.050300000000000004,0,8,0.0
quetiapine,2016-08,-0.22056666666666666,0,6,0.0
quetiapine,2016-09,-0.03103333333333333,4,12,0.3333333333333333
quetiapine,2016-10,0.05042,0,5,0.0
quetiapine,2016-11,0.06069999999999999,0,7,0.0
quetiapine,2016-12,-0.09594444444444444,2,9,0.2222222222222222
quetiapine,2017-01,0.11015,1,2,0.5
quetiapine,2017-02,-0.0257,0,3,0.0
quetiapine,2017-03,-0.040787500000000004,1,8,0.125
quetiapine,2017-04,0.038790000000000005,2,10,0.2
quetiapine,2017-05,-0.13783333333333334,0,3,0.0
quetiapine,2017-06,-0.25434999999999997,0,4,0.0
quetiapine,2017-07,0.09842,0,5,0.0
quetiapine,2017-08,0.157,1,5,0.2
quetiapine,2017-09,0.24312,1,5,0.2
quetiapine,2017-10,-0.128875,0,4,0.0
quetiapine,2017-11,0.205725,0,4,0.0
quetiapine,2017-12,-0.06485,1,2,0.5
sertraline,2008-03,0.16246666666666665,2,3,0.6666666666666666
sertraline,2008-04,0.3873,2,2,1.0
sertraline,2008-05,0.125,0,1,0.0
sertraline,2008-08,0.2367,0,1,0.0
sertraline,2008-09,0.5,0,1,0.0
sertraline,2008-10,0.0906,1,1,1.0
sertraline,2008-11,0.1283,0,1,0.0
sertraline,2008-12,0.1153,0,1,0.0
sertraline,2009-01,0.13,0,1,0.0
sertraline,2009-03,0.07089999999999999,0,2,0.0
sertraline,2009-04,-0.010000000000000009,0,2,0.0
sertraline,2009-05,-0.13242500000000001,2,4,0.5
sertraline,2009-06,0.0729,0,1,0.0
sertraline,2009-07,0.0315,2,5,0.4
sertraline,2009-08,-0.392,1,2,0.5
sertraline,2009-10,0.0806,2,2,1.0
sertraline,2009-11,-0.01916666666666667,0,3,0.0
sertraline,2009-12,0.13325,0,2,0.0
sertraline,2010-01,0.1657,0,1,0.0
sertraline,2010-02,0.04405,2,4,0.5
sertraline,2010-03,-0.08510000000000001,2,2,1.0
sertraline,2010-04,0.1056,0,1,0.0
sertraline,2010-05,0.11025,1,2,0.5
sertraline,2010-06,0.22305,3,4,0.75
sertraline,2010-07,0.0158,0,2,0.0
sertraline,2010-08,0.13526666666666667,1,3,0.3333333333333333
sertraline,2010-09,0.145,1,1,1.0
sertraline,2010-11,0.1068,0,1,0.0
sertraline,2010-12,0.188,0,2,0.0
sertraline,2011-03,0.119075,1,4,0.25
sertraline,2011-04,-0.0268,1,2,0.5
sertraline,2011-06,0.2,0,1,0.0
sertraline,2011-07,0.09906666666666668,0,3,0.0
sertraline,2011-08,0.19375,0,2,0.0
sertraline,2011-10,0.2537,1,1,1.0
sertraline,2011-11,-0.15805000000000002,0,2,0.0
sertraline,2011-12,0.06911999999999999,1,5,0.2
sertraline,2012-01,0.1944,1,6,0.16666666666666666
sertraline,2012-02,0.043199999999999995,1,2,0.5
sertraline,2012-03,-0.012339999999999995,0,5,0.0
sertraline,2012-04,-0.032833333333333325,2,3,0.6666666666666666
sertraline,2012-05,0.20454,3,5,0.6
sertraline,2012-07,0.022833333333333334,2,3,0.6666666666666666
sertraline,2012-08,-0.023649999999999997,1,2,0.5
sertraline,2012-09,0.047700000000000006,0,2,0.0
sertraline,2012-10,-0.007349999999999995,2,2,1.0
sertraline,2012-11,0.018500000000000003,1,2,0.5
sertraline,2012-12,-0.1106,1,1,1.0
sertraline,2013-01,-0.11995,1,4,0.25
sertraline,2013-02,0.1233,1,1,1.0
sertraline,2013-03,0.277675,1,4,0.25
sertraline,2013-04,0.0583,0,1,0.0
sertraline,2013-06,0.0014666666666666623,0,3,0.0
sertraline,2013-07,-0.2572,3,3,1.0
sertraline,2013-08,0.0846,3,6,0.5
sertraline,2013-09,0.0911,3,3,1.0
sertraline,2013-10,-0.0736,3,3,1.0
sertraline,2013-11,0.14420000000000002,2,7,0.2857142857142857
sertraline,2013-12,-0.01355,1,2,0.5
sertraline,2014-01,0.10415,0,2,0.0
sertraline,2014-02,-0.07550000000000001,0,2,0.0
sertraline,2014-03,0.2213,1,5,0.2
sertraline,2014-04,0.0742,0,1,0.0
sertraline,2014-05,-0.3029,1,1,1.0
sertraline,2014-06,-0.1286,0,1,0.0
sertraline,2014-07,-0.0575,0,1,0.0
sertraline,2014-08,0.25766666666666665,0,3,0.0
sertraline,2014-10,0.15,0,1,0.0
sertraline,2014-11,0.11425,1,4,0.25
sertraline,2014-12,0.20978333333333335,1,6,0.16666666666666666
sertraline,2015-01,-0.0007500000000000015,2,4,0.5
sertraline,2015-02,0.114225,1,4,0.25
sertraline,2015-03,-0.04654285714285714,1,7,0.14285714285714285
sertraline,2015-04,0.0678,2,4,0.5
sertraline,2015-05,0.1121,3,5,0.6
sertraline,2015-06,0.004166666666666666,2,6,0.3333333333333333
sertraline,2015-07,0.012557142857142862,2,7,0.2857142857142857
sertraline,2015-08,-0.0254,2,5,0.4
sertraline,2015-09,-0.03330000000000001,2,5,0.4
sertraline,2015-10,-0.09497,4,10,0.4
sertraline,2015-11,0.007625,3,8,0.375
sertraline,2015-12,-0.007549999999999994,2,4,0.5
sertraline,2016-01,0.08127777777777778,1,9,0.1111111111111111
sertraline,2016-02,0.10812857142857143,2,14,0.14285714285714285
sertraline,2016-03,-0.1418,2,6,0.3333333333333333
sertraline,2016-04,-0.05035454545454546,3,11,0.2727272727272727
sertraline,2016-05,0.09422,1,5,0.2
sertraline,2016-06,-0.058750000000000004,2,6,0.3333333333333333
sertraline,2016-07,0.05752999999999999,0,10,0.0
sertraline,2016-08,-0.06153333333333333,2,12,0.16666666666666666
sertraline,2016-09,-0.03486666666666667,7,15,0.4666666666666667
sertraline,2016-10,-0.11490769230769231,5,13,0.38461538461538464
sertraline,2016-11,0.07604117647058824,5,17,0.29411764705882354
sertraline,2016-12,-0.07711666666666667,4,12,0.3333333333333333
sertraline,2017-01,0.06086153846153846,4,13,0.3076923076923077
sertraline,2017-02,0.13097499999999998,5,12,0.4166666666666667
sertraline,2017-03,-0.04800625,6,16,0.375
sertraline,2017-04,0.050015789473684215,4,19,0.21052631578947367
sertraline,2017-05,-0.09040833333333333,3,12,0.25
sertraline,2017-06,-0.04474666666666667,8,15,0.5333333333333333
sertraline,2017-07,0.075975,5,12,0.4166666666666667
sertraline,2017-08,-0.07722222222222222,4,9,0.4444444444444444
sertraline,2017-09,0.12451666666666666,1,6,0.16666666666666666
sertraline,2017-10,0.012025,1,4,0.25
sertraline,2017-11,-0.2521,1,4,0.25
sertraline,2017-12,0.0443,0,4,0.0
skyla,2014-11,-0.1719,0,1,0.0
skyla,2014-12,0.0835,0,1,0.0
skyla,2015-02,0.1615,0,1,0.0
skyla,2015-03,0.10850000000000001,0,2,0.0
skyla,2015-04,-0.0208,0,1,0.0
skyla,2015-05,0.0509625,0,8,0.0
skyla,2015-06,-0.051300000000000005,0,15,0.0
skyla,2015-07,0.010054545454545457,2,11,0.18181818181818182
skyla,2015-08,-0.03861428571428572,0,14,0.0
skyla,2015-09,-0.08797272727272727,2,11,0.18181818181818182
skyla,2015-10,-0.008877272727272725,2,22,0.09090909090909091
skyla,2015-11,-0.02984,1,15,0.06666666666666667
skyla,2015-12,-0.021150000000000002,1,8,0.125
skyla,2016-01,-0.12581666666666666,0,18,0.0
skyla,2016-02,-0.05403809523809523,2,21,0.09523809523809523
skyla,2016-03,-0.030820000000000004,2,20,0.1
skyla,2016-04,-0.07348823529411765,4,17,0.23529411764705882
skyla,2016-05,0.008920000000000003,1,15,0.06666666666666667
skyla,2016-06,-0.02318571428571429,1,21,0.047619047619047616
skyla,2016-07,-0.10741818181818182,1,11,0.09090909090909091
skyla,2016-08,-0.074805,3,20,0.15
skyla,2016-09,-0.12788181818181818,2,22,0.09090909090909091
skyla,2016-10,0.0305,0,4,0.0
skyla,2016-11,-0.08963333333333333,4,18,0.2222222222222222
skyla,2016-12,0.029435714285714287,1,14,0.07142857142857142
skyla,2017-01,-0.1383,1,11,0.09090909090909091
skyla,2017-02,-0.040900000000000006,1,15,0.06666666666666667
skyla,2017-03,-0.104245,1,20,0.05
skyla,2017-04,-0.027946153846153843,0,13,0.0
skyla,2017-05,0.01623,1,10,0.1
skyla,2017-06,0.005059999999999999,0,10,0.0
skyla,2017-07,-0.023557142857142856,1,7,0.14285714285714285
skyla,2017-08,-0.031200000000000006,0,3,0.0
skyla,2017-09,-0.015649999999999997,0,8,0.0
skyla,2017-10,-0.11921999999999999,1,5,0.2
skyla,2017-11,-0.018840000000000003,0,5,0.0
suprep bowel prep kit,2011-11,-0.1771,0,1,0.0
suprep bowel prep kit,2012-08,-0.1074,0,1,0.0
suprep bowel prep kit,2012-09,0.0756,0,1,0.0
suprep bowel prep kit,2012-12,0.0826,0,1,0.0
suprep bowel prep kit,2013-01,-0.0594,0,1,0.0
suprep bowel prep kit,2013-03,0.1067,0,1,0.0
suprep bowel prep kit,2013-05,-0.007100000000000002,0,2,0.0
suprep bowel prep kit,2013-07,-0.1009,0,1,0.0
suprep bowel prep kit,2013-08,-0.1542,0,1,0.0
suprep bowel prep kit,2013-10,-0.136525,1,4,0.25
suprep bowel prep kit,2013-11,-0.3659,0,1,0.0
suprep bowel prep kit,2013-12,0.0644,0,2,0.0
suprep bowel prep kit,2014-01,0.041,0,3,0.0
suprep bowel prep kit,2014-03,0.05395,0,2,0.0
suprep bowel prep kit,2014-04,-0.09294999999999999,0,2,0.0
suprep bowel prep kit,2014-05,-0.02786666666666666,1,3,0.3333333333333333
suprep bowel prep kit,2014-06,0.1176,0,5,0.0
suprep bowel prep kit,2014-07,-0.063,0,1,0.0
suprep bowel prep kit,2014-08,-0.0631,0,4,0.0
suprep bowel prep kit,2014-09,-0.0931,0,3,0.0
suprep bowel prep kit,2014-10,-0.17766666666666667,0,3,0.0
suprep bowel prep kit,2014-11,-0.01571666666666667,1,6,0.16666666666666666
suprep bowel prep kit,2014-12,0.022699999999999998,0,4,0.0
suprep bowel prep kit,2015-01,-0.00015000000000000083,0,4,0.0
suprep bowel prep kit,2015-02,-0.09973333333333334,0,3,0.0
suprep bowel prep kit,2015-03,0.1346,0,8,0.0
suprep bowel prep kit,2015-04,0.02696666666666667,0,6,0.0
suprep bowel prep kit,2015-05,-0.11308571428571428,1,7,0.14285714285714285
suprep bowel prep kit,2015-06,0.012250000000000002,0,6,0.0
suprep bowel prep kit,2015-07,-0.03066,0,5,0.0
suprep bowel prep kit,2015-08,-0.013524999999999999,0,16,0.0
suprep bowel prep kit,2015-09,0.01634285714285714,0,7,0.0
suprep bowel prep kit,2015-10,0.06838888888888889,0,9,0.0
suprep bowel prep kit,2015-11,0.022600000000000002,0,13,0.0
suprep bowel prep kit,2015-12,-0.16010909090909092,1,11,0.09090909090909091
suprep bowel prep kit,2016-01,-0.0962857142857143,0,7,0.0
suprep bowel prep kit,2016-02,0.030423076923076928,0,13,0.0
suprep bowel prep kit,2016-03,-0.0003588235294117627,1,17,0.058823529411764705
suprep bowel prep kit,2016-04,-0.059783333333333334,0,12,0.0
suprep bowel prep kit,2016-05,-0.03809090909090909,1,11,0.09090909090909091
suprep bowel prep kit,2016-06,-0.023716666666666664,0,6,0.0
suprep bowel prep kit,2016-07,-0.09469375,0,16,0.0
suprep bowel prep kit,2016-08,-0.08876,0,15,0.0
suprep bowel prep kit,2016-09,0.0298,0,16,0.0
suprep bowel prep kit,2016-10,0.002961538461538457,0,13,0.0
suprep bowel prep kit,2016-11,-0.06878571428571428,0,7,0.0
suprep bowel prep kit,2016-12,0.09840000000000002,0,7,0.0
suprep bowel prep kit,2017-01,-0.0821,0,1,0.0
suprep bowel prep kit,2017-02,-0.10891999999999999,0,5,0.0
suprep bowel prep kit,2017-03,0.0943,0,4,0.0
suprep bowel prep kit,2017-04,0.04414,0,10,0.0
suprep bowel prep kit,2017-05,-0.06,1,8,0.125
suprep bowel prep kit,2017-06,-0.02544,0,5,0.0
suprep bowel prep kit,2017-07,-0.012349999999999998,0,12,0.0
suprep bowel prep kit,2017-08,-0.029312499999999995,0,8,0.0
suprep bowel prep kit,2017-09,-0.27968000000000004,0,5,0.0
suprep bowel prep kit,2017-10,0.03598888888888889,0,9,0.0
suprep bowel prep kit,2017-11,-0.07395,0,8,0.0
suprep bowel prep kit,2017-12,0.067675,0,4,0.0
tioconazole,2008-03,0.25,0,1,0.0
tioconazole,2009-11,0.2857,0,1,0.0
tioconazole,2009-12,0.3925,0,1,0.0
tioconazole,2010-06,0.0,0,1,0.0
tioconazole,2011-02,0.05,0,1,0.0
tioconazole,2013-11,-0.0722,0,1,0.0
tioconazole,2014-01,-0.0913,0,2,0.0
tioconazole,2014-06,0.0021,0,1,0.0
tioconazole,2014-11,-0.1984,0,1,0.0
tioconazole,2014-12,0.1714,0,1,0.0
tioconazole,2015-01,0.3088,0,2,0.0
tioconazole,2015-02,-0.175,0,1,0.0
tioconazole,2015-03,0.02445,0,2,0.0
tioconazole,2015-04,0.165575,1,4,0.25
tioconazole,2015-05,-0.063,1,2,0.5
tioconazole,2015-06,0.0729,0,5,0.0
tioconazole,2015-07,0.024141666666666662,1,12,0.08333333333333333
tioconazole,2015-08,-0.07549473684210525,2,19,0.10526315789473684
tioconazole,2015-09,-0.12919333333333333,3,15,0.2
tioconazole,2015-10,0.029821875,1,32,0.03125
tioconazole,2015-11,0.03266111111111111,2,18,0.1111111111111111
tioconazole,2015-12,0.06365,1,16,0.0625
tioconazole,2016-01,0.057056249999999996,0,16,0.0
tioconazole,2016-02,0.0699047619047619,1,21,0.047619047619047616
tioconazole,2016-03,-0.019841176470588234,1,17,0.058823529411764705
tioconazole,2016-04,-0.062204761904761895,3,21,0.14285714285714285
tioconazole,2016-05,-0.04019444444444445,1,18,0.05555555555555555
tioconazole,2016-06,-0.027964285714285723,1,14,0.07142857142857142
tioconazole,2016-07,-0.11100499999999999,1,20,0.05
tioconazole,2016-08,-0.06177619047619047,2,21,0.09523809523809523
tioconazole,2016-09,-0.06992,0,15,0.0
tioconazole,2016-10,-0.08576428571428571,1,14,0.07142857142857142
tioconazole,2016-11,-0.07964782608695653,2,23,0.08695652173913043
tioconazole,2016-12,-0.045200000000000004,3,26,0.11538461538461539
tioconazole,2017-01,0.04610666666666666,2,15,0.13333333333333333
tioconazole,2017-02,-0.076625,1,12,0.08333333333333333
tioconazole,2017-03,-0.060881818181818176,1,11,0.09090909090909091
tioconazole,2017-04,-0.1469625,1,8,0.125
tioconazole,2017-05,-0.007540000000000002,0,5,0.0
tioconazole,2017-06,-0.028429999999999993,3,10,0.3
tioconazole,2017-07,-0.05724761904761905,2,21,0.09523809523809523
tioconazole,2017-08,-0.01995833333333333,2,12,0.16666666666666666
tioconazole,2017-09,-0.09874166666666667,2,12,0.16666666666666666
tioconazole,2017-10,0.02595333333333333,1,15,0.06666666666666667
tioconazole,2017-11,-0.14859999999999998,2,10,0.2
tioconazole,2017-12,0.017899999999999992,0,4,0.0
topiramate,2008-02,0.0625,1,1,1.0
topiramate,2008-03,0.15848,4,5,0.8
topiramate,2008-04,0.0506,0,2,0.0
topiramate,2008-05,0.8,0,1,0.0
topiramate,2008-06,0.06520000000000001,2,2,1.0
topiramate,2008-07,0.2283,1,5,0.2
topiramate,2008-08,-0.06875,0,2,0.0
topiramate,2008-10,0.0333,1,1,1.0
topiramate,2008-11,0.06615,1,2,0.5
topiramate,2008-12,-0.008766666666666666,1,3,0.3333333333333333
topiramate,2009-01,0.1531,0,1,0.0
topiramate,2009-02,-0.0197,1,1,1.0
topiramate,2009-03,0.12267999999999998,2,5,0.4
topiramate,2009-04,0.1044,1,1,1.0
topiramate,2009-06,-0.02544,4,5,0.8
topiramate,2009-07,0.1211,1,2,0.5
topiramate,2009-08,0.12915,0,2,0.0
topiramate,2009-09,0.00485,0,2,0.0
topiramate,2009-10,0.4729,1,2,0.5
topiramate,2009-11,-0.0875,1,2,0.5
topiramate,2009-12,-0.055,0,1,0.0
topiramate,2010-01,0.11604,2,5,0.4
topiramate,2010-02,0.015,0,1,0.0
topiramate,2010-03,0.07625,0,2,0.0
topiramate,2010-04,-0.0893,0,1,0.0
topiramate,2010-05,0.03855,1,2,0.5
topiramate,2010-06,0.19276666666666667,0,3,0.0
topiramate,2010-07,0.4762,0,1,0.0
topiramate,2010-08,-0.0667,0,1,0.0
topiramate,2010-10,-0.1776,0,2,0.0
topiramate,2010-11,-0.08059999999999999,2,2,1.0
topiramate,2011-01,-0.4708,1,1,1.0
topiramate,2011-02,-0.3255,1,1,1.0
topiramate,2011-03,0.04243333333333333,2,3,0.6666666666666666
topiramate,2011-04,0.22,1,1,1.0
topiramate,2011-05,-0.16185,1,2,0.5
topiramate,2011-06,0.041,0,2,0.0
topiramate,2011-08,-0.0502,2,4,0.5
topiramate,2011-09,-0.0861,1,3,0.3333333333333333
topiramate,2011-10,0.1018,1,1,1.0
topiramate,2011-12,-0.1469,1,2,0.5
topiramate,2012-01,0.13525,0,2,0.0
topiramate,2012-02,-0.15766666666666665,1,3,0.3333333333333333
topiramate,2012-03,0.0714,0,1,0.0
topiramate,2012-04,0.12254999999999999,2,4,0.5
topiramate,2012-05,0.16006666666666666,1,3,0.3333333333333333
topiramate,2012-06,-0.04665000000000001,1,2,0.5
topiramate,2012-09,0.0,0,1,0.0
topiramate,2012-10,0.04375,1,2,0.5
topiramate,2012-11,0.30000000000000004,1,2,0.5
topiramate,2013-01,0.08020000000000001,2,4,0.5
topiramate,2013-03,0.1728,0,1,0.0
topiramate,2013-04,0.1439,2,2,1.0
topiramate,2013-05,0.055275000000000005,1,4,0.25
topiramate,2013-06,-0.0236,0,1,0.0
topiramate,2013-07,0.1,0,1,0.0
topiramate,2013-08,0.02915,2,2,1.0
topiramate,2013-09,-0.175,1,1,1.0
topiramate,2013-10,0.1257,1,2,0.5
topiramate,2013-11,0.03292,1,5,0.2
topiramate,2014-01,0.2651,0,2,0.0
topiramate,2014-03,0.0,1,1,1.0
topiramate,2014-04,-0.08525,1,2,0.5
topiramate,2014-05,0.07466666666666667,3,6,0.5
topiramate,2014-06,-0.1121,0,2,0.0
topiramate,2014-07,0.121025,2,4,0.5
topiramate,2014-08,-0.027225,2,4,0.5
topiramate,2014-09,0.07959999999999999,0,2,0.0
topiramate,2014-10,0.09876666666666667,1,3,0.3333333333333333
topiramate,2014-11,-0.004300000000000002,1,2,0.5
topiramate,2014-12,-0.045625,1,4,0.25
topiramate,2015-01,-0.031825000000000006,1,4,0.25
topiramate,2015-02,-0.046966666666666664,2,3,0.6666666666666666
topiramate,2015-03,0.1175,0,8,0.0
topiramate,2015-04,-0.07512857142857143,2,7,0.2857142857142857
topiramate,2015-05,-0.06917499999999999,4,8,0.5
topiramate,2015-06,-0.07017142857142857,3,7,0.42857142857142855
topiramate,2015-07,0.008033333333333337,1,6,0.16666666666666666
topiramate,2015-08,-0.07863333333333333,0,3,0.0
topiramate,2015-09,0.0628625,6,16,0.375
topiramate,2015-10,0.06745,2,12,0.16666666666666666
topiramate,2015-11,-0.10487272727272727,3,11,0.2727272727272727
topiramate,2015-12,-0.0014666666666666604,1,6,0.16666666666666666
topiramate,2016-01,0.11203636363636363,3,11,0.2727272727272727
topiramate,2016-02,0.08146666666666666,2,6,0.3333333333333333
topiramate,2016-03,-0.281,1,5,0.2
topiramate,2016-04,-0.007679999999999999,2,10,0.2
topiramate,2016-05,0.13221666666666668,2,6,0.3333333333333333
topiramate,2016-06,-0.060528571428571425,1,7,0.14285714285714285
topiramate,2016-07,-0.09635555555555556,3,9,0.3333333333333333
topiramate,2016-08,-0.047975,0,8,0.0
topiramate,2016-09,0.027800000000000005,6,13,0.46153846153846156
topiramate,2016-10,-0.02727142857142858,3,14,0.21428571428571427
topiramate,2016-11,0.00836363636363637,6,11,0.5454545454545454
topiramate,2016-12,-0.003966666666666664,1,9,0.1111111111111111
topiramate,2017-01,-0.0056714285714285755,2,7,0.2857142857142857
topiramate,2017-02,0.0026636363636363654,4,11,0.36363636363636365
topiramate,2017-03,-0.057999999999999996,1,7,0.14285714285714285
topiramate,2017-04,-0.0727125,1,8,0.125
topiramate,2017-05,-0.09013333333333333,2,9,0.2222222222222222
topiramate,2017-06,-0.3396,0,1,0.0
topiramate,2017-07,0.12745,3,8,0.375
topiramate,2017-08,-0.07705999999999999,0,5,0.0
topiramate,2017-09,0.0835,1,5,0.2
topiramate,2017-10,-0.23288000000000003,1,5,0.2
topiramate,2017-11,0.05075,1,4,0.25
topiramate,2017-12,0.049199999999999994,1,2,0.5
tramadol,2008-03,-0.017766666666666663,2,3,0.6666666666666666
tramadol,2008-05,0.0136,1,2,0.5
tramadol,2008-06,0.0885,0,1,0.0
tramadol,2008-07,0.0886,1,2,0.5
tramadol,2008-08,0.3715333333333333,0,3,0.0
tramadol,2008-09,-0.12290000000000001,0,2,0.0
tramadol,2008-10,0.0965,0,2,0.0
tramadol,2008-12,0.14585,0,2,0.0
tramadol,2009-01,0.11563333333333332,1,3,0.3333333333333333
tramadol,2009-02,0.03888333333333333,1,6,0.16666666666666666
tramadol,2009-03,-0.28023333333333333,0,3,0.0
tramadol,2009-04,0.11709,1,10,0.1
tramadol,2009-05,0.029077777777777775,0,9,0.0
tramadol,2009-06,-0.10278888888888889,5,9,0.5555555555555556
tramadol,2009-07,-0.20600000000000002,1,5,0.2
tramadol,2009-08,0.10773636363636364,2,11,0.18181818181818182
tramadol,2009-09,0.06210000000000001,0,6,0.0
tramadol,2009-10,0.18648333333333333,1,6,0.16666666666666666
tramadol,2009-11,0.04978181818181818,4,11,0.36363636363636365
tramadol,2009-12,0.5,0,1,0.0
tramadol,2010-01,0.17056666666666667,0,3,0.0
tramadol,2010-02,0.2875,1,2,0.5
tramadol,2010-03,-0.04799999999999999,1,3,0.3333333333333333
tramadol,2010-04,0.12686000000000003,2,5,0.4
tramadol,2010-05,-0.017449999999999993,2,6,0.3333333333333333
tramadol,2010-06,-0.125,0,1,0.0
tramadol,2010-07,0.2019,0,1,0.0
tramadol,2010-08,0.049999999999999996,0,2,0.0
tramadol,2010-10,0.002350000000000005,0,2,0.0
tramadol,2010-11,-0.0268,0,1,0.0
tramadol,2011-01,0.082425,1,8,0.125
tramadol,2011-02,0.08833333333333333,0,3,0.0
tramadol,2011-03,0.0635,0,3,0.0
tramadol,2011-04,0.21524000000000001,0,5,0.0
tramadol,2011-05,0.2,0,1,0.0
tramadol,2011-06,0.136825,0,4,0.0
tramadol,2011-07,-0.1033,0,1,0.0
tramadol,2011-08,-0.062250000000000014,0,4,0.0
tramadol,2011-09,0.034999999999999996,1,7,0.14285714285714285
tramadol,2011-10,0.08555,0,4,0.0
tramadol,2011-11,0.012616666666666674,0,6,0.0
tramadol,2011-12,0.12263333333333333,1,3,0.3333333333333333
tramadol,2012-01,-0.10922499999999999,2,4,0.5
tramadol,2012-02,0.2154,1,2,0.5
tramadol,2012-04,0.2185,0,3,0.0
tramadol,2012-06,0.37085,0,2,0.0
tramadol,2012-07,-0.0213,0,2,0.0
tramadol,2012-08,0.16282000000000002,2,5,0.4
tramadol,2012-09,0.0969,0,1,0.0
tramadol,2012-10,0.2167,0,1,0.0
tramadol,2012-11,0.1292,0,1,0.0
tramadol,2012-12,0.008499999999999994,0,4,0.0
tramadol,2013-01,0.013500000000000002,0,2,0.0
tramadol,2013-02,0.36755000000000004,0,4,0.0
tramadol,2013-03,0.3157666666666667,0,3,0.0
tramadol,2013-04,0.2747,0,2,0.0
tramadol,2013-05,0.2438,1,1,1.0
tramadol,2013-06,0.2,0,1,0.0
tramadol,2013-07,-0.038799999999999994,1,2,0.5
tramadol,2013-08,-0.0083,1,1,1.0
tramadol,2013-09,0.148725,0,4,0.0
tramadol,2013-10,0.0611,1,2,0.5
tramadol,2014-02,-0.25,0,2,0.0
tramadol,2014-03,-0.0625,1,1,1.0
tramadol,2014-04,0.25,0,1,0.0
tramadol,2014-05,-0.024999999999999994,0,2,0.0
tramadol,2014-06,0.1111,0,1,0.0
tramadol,2014-07,-0.275,0,2,0.0
tramadol,2014-08,0.1067,1,3,0.3333333333333333
tramadol,2014-09,-0.0615,2,5,0.4
tramadol,2014-10,0.051675,2,4,0.5
tramadol,2014-12,0.030344444444444445,1,9,0.1111111111111111
tramadol,2015-01,0.0655,0,1,0.0
tramadol,2015-02,0.1317,0,2,0.0
tramadol,2015-03,0.08515,1,12,0.08333333333333333
tramadol,2015-04,0.01495714285714286,0,7,0.0
tramadol,2015-05,0.023250000000000003,2,8,0.25
tramadol,2015-06,0.1773,0,10,0.0
tramadol,2015-07,-0.0998,0,3,0.0
tramadol,2015-08,0.00041666666666666474,2,12,0.16666666666666666
tramadol,2015-09,0.002400000000000001,1,9,0.1111111111111111
tramadol,2015-10,-0.16982499999999998,1,4,0.25
tramadol,2015-11,0.13464285714285715,2,7,0.2857142857142857
tramadol,2015-12,-0.028749999999999998,0,6,0.0
tramadol,2016-01,0.1659875,1,8,0.125
tramadol,2016-02,0.1263,1,4,0.25
tramadol,2016-03,-0.038499999999999986,1,8,0.125
tramadol,2016-04,-0.03415,0,4,0.0
tramadol,2016-05,0.0751,1,4,0.25
tramadol,2016-06,0.18617499999999998,1,8,0.125
tramadol,2016-07,0.04712857142857143,1,7,0.14285714285714285
tramadol,2016-08,0.0409,1,6,0.16666666666666666
tramadol,2016-09,-0.022000000000000002,1,9,0.1111111111111111
tramadol,2016-10,0.012687500000000004,1,8,0.125
tramadol,2016-11,0.0798,0,3,0.0
tramadol,2016-12,0.10383,2,10,0.2
tramadol,2017-01,-0.14014166666666666,3,12,0.25
tramadol,2017-02,-0.0028499999999999997,2,8,0.25
tramadol,2017-03,-0.0371,0,8,0.0
tramadol,2017-04,0.046650000000000004,2,6,0.3333333333333333
tramadol,2017-05,-0.003955555555555553,0,9,0.0
tramadol,2017-06,-0.26595,1,8,0.125
tramadol,2017-07,0.025919999999999988,0,5,0.0
tramadol,2017-08,0.0678875,3,8,0.375
tramadol,2017-09,-0.12346000000000001,0,5,0.0
tramadol,2017-10,-0.07668000000000001,0,5,0.0
tramadol,2017-11,0.031819999999999994,0,5,0.0
tramadol,2017-12,-0.005833333333333329,0,3,0.0
trazodone,2008-02,-0.15,0,1,0.0
trazodone,2008-05,0.029233333333333333,1,3,0.3333333333333333
trazodone,2008-06,0.3786,0,1,0.0
trazodone,2008-08,0.6,0,1,0.0
trazodone,2008-09,0.1231,0,1,0.0
trazodone,2008-10,0.1187,0,1,0.0
trazodone,2009-01,0.2944,0,1,0.0
trazodone,2009-02,0.0608,1,1,1.0
trazodone,2009-03,0.22749999999999998,0,2,0.0
trazodone,2009-04,0.1285666666666667,0,3,0.0
trazodone,2009-05,-0.16665000000000002,1,2,0.5
trazodone,2009-06,0.1139,1,2,0.5
trazodone,2009-07,0.1308,0,1,0.0
trazodone,2009-08,0.21916666666666665,0,3,0.0
trazodone,2009-09,0.0564,0,3,0.0
trazodone,2009-10,-0.04865,0,2,0.0
trazodone,2009-11,-0.03963333333333333,1,3,0.3333333333333333
trazodone,2009-12,-0.0152,1,4,0.25
trazodone,2010-01,0.0,1,1,1.0
trazodone,2010-02,0.17816666666666667,0,3,0.0
trazodone,2010-03,-0.15,0,1,0.0
trazodone,2010-04,0.0556,0,1,0.0
trazodone,2010-05,0.3083,0,1,0.0
trazodone,2010-07,0.010133333333333328,2,3,0.6666666666666666
trazodone,2010-08,0.1571,1,1,1.0
trazodone,2010-09,0.12203333333333334,1,3,0.3333333333333333
trazodone,2010-10,-0.13,0,1,0.0
trazodone,2010-12,0.33999999999999997,1,2,0.5
trazodone,2011-01,0.1486,0,1,0.0
trazodone,2011-02,0.1,1,1,1.0
trazodone,2011-03,0.2094,0,2,0.0
trazodone,2011-04,0.8,0,1,0.0
trazodone,2011-05,0.3,0,1,0.0
trazodone,2011-06,0.46805,0,2,0.0
trazodone,2011-07,0.16595,1,2,0.5
trazodone,2011-08,0.07363333333333334,1,6,0.16666666666666666
trazodone,2011-09,0.15475,0,2,0.0
trazodone,2011-10,0.177925,2,4,0.5
trazodone,2011-11,-0.2,1,1,1.0
trazodone,2012-01,-0.20743333333333333,1,3,0.3333333333333333
trazodone,2012-02,-0.25706666666666667,1,3,0.3333333333333333
trazodone,2012-03,-0.004100000000000001,1,4,0.25
trazodone,2012-05,0.0,0,1,0.0
trazodone,2012-06,-0.2396,0,1,0.0
trazodone,2012-07,-0.0778,0,1,0.0
trazodone,2012-08,0.1824,1,2,0.5
trazodone,2012-10,-0.2369,1,1,1.0
trazodone,2013-01,-0.0375,0,2,0.0
trazodone,2013-02,0.12219999999999999,0,2,0.0
trazodone,2013-03,0.0312,0,1,0.0
trazodone,2013-04,0.09453333333333332,1,3,0.3333333333333333
trazodone,2013-05,0.14285,0,2,0.0
trazodone,2013-06,0.13,0,3,0.0
trazodone,2013-07,-0.025,1,1,1.0
trazodone,2013-08,0.033819999999999996,1,5,0.2
trazodone,2013-09,-0.08749999999999998,1,3,0.3333333333333333
trazodone,2013-10,0.20944285714285713,1,7,0.14285714285714285
trazodone,2013-11,0.0012999999999999956,0,3,0.0
trazodone,2013-12,0.10688333333333333,1,6,0.16666666666666666
trazodone,2014-02,0.24115,1,2,0.5
trazodone,2014-03,0.20626666666666663,1,3,0.3333333333333333
trazodone,2014-04,0.1364,0,1,0.0
trazodone,2014-05,0.0177,0,2,0.0
trazodone,2014-06,0.0953,0,2,0.0
trazodone,2014-07,0.02336666666666666,1,3,0.3333333333333333
trazodone,2014-08,0.07780000000000001,0,4,0.0
trazodone,2014-09,0.10966000000000001,2,5,0.4
trazodone,2014-10,0.10081999999999999,1,5,0.2
trazodone,2014-11,-0.16146666666666668,0,3,0.0
trazodone,2014-12,-0.1211,1,4,0.25
trazodone,2015-01,0.06626,3,5,0.6
trazodone,2015-02,0.2683,1,5,0.2
trazodone,2015-03,0.23498571428571427,1,7,0.14285714285714285
trazodone,2015-04,0.11427272727272726,1,11,0.09090909090909091
trazodone,2015-05,0.09478,1,5,0.2
trazodone,2015-06,-0.112425,2,4,0.5
trazodone,2015-07,0.20832,0,5,0.0
trazodone,2015-08,-0.030099999999999995,4,11,0.36363636363636365
trazodone,2015-09,0.115875,0,8,0.0
trazodone,2015-10,0.09632857142857143,1,7,0.14285714285714285
trazodone,2015-11,-0.04265999999999999,2,10,0.2
trazodone,2015-12,-0.1199,1,3,0.3333333333333333
trazodone,2016-01,-0.008230000000000001,2,10,0.2
trazodone,2016-02,0.01454285714285714,1,7,0.14285714285714285
trazodone,2016-03,-0.10506,0,10,0.0
trazodone,2016-04,0.04383,3,10,0.3
trazodone,2016-05,0.021050000000000003,1,6,0.16666666666666666
trazodone,2016-06,0.04120000000000001,2,11,0.18181818181818182
trazodone,2016-07,-0.003520000000000001,3,10,0.3
trazodone,2016-08,0.01397692307692307,5,13,0.38461538461538464
trazodone,2016-09,0.015299999999999998,1,10,0.1
trazodone,2016-10,-0.03574166666666667,0,12,0.0
trazodone,2016-11,0.09337999999999999,0,5,0.0
trazodone,2016-12,-0.024775,0,4,0.0
trazodone,2017-01,-0.14468571428571428,2,7,0.2857142857142857
trazodone,2017-02,-0.06422222222222222,1,9,0.1111111111111111
trazodone,2017-03,-0.005119999999999999,1,5,0.2
trazodone,2017-04,0.06808571428571428,2,7,0.2857142857142857
trazodone,2017-05,0.09372,1,5,0.2
trazodone,2017-06,0.07152857142857141,5,7,0.7142857142857143
trazodone,2017-07,0.059560000000000016,2,5,0.4
trazodone,2017-08,0.0068499999999999985,5,8,0.625
trazodone,2017-09,-0.1342875,2,8,0.25
trazodone,2017-10,0.0522,0,6,0.0
trazodone,2017-11,-0.08928888888888889,2,9,0.2222222222222222
trazodone,2017-12,-0.34623333333333334,0,3,0.0
varenicline,2008-02,0.0667,1,1,1.0
varenicline,2008-03,0.2625,0,1,0.0
varenicline,2008-04,0.28115,0,2,0.0
varenicline,2008-05,-0.0411,0,1,0.0
varenicline,2008-06,-0.1542,0,1,0.0
varenicline,2008-08,0.2653,0,1,0.0
varenicline,2008-11,0.010849999999999999,0,2,0.0
varenicline,2008-12,-0.1583,0,1,0.0
varenicline,2009-01,0.5,0,1,0.0
varenicline,2009-02,0.06856666666666666,0,3,0.0
varenicline,2009-03,0.215275,0,4,0.0
varenicline,2009-04,0.096625,3,4,0.75
varenicline,2009-05,0.011266666666666666,3,3,1.0
varenicline,2009-06,0.2033,0,1,0.0
varenicline,2009-07,0.1936,1,4,0.25
varenicline,2009-08,0.2057,1,4,0.25
varenicline,2009-09,0.25016,2,5,0.4
varenicline,2009-10,-0.1044,0,1,0.0
varenicline,2009-11,-0.0326,0,1,0.0
varenicline,2009-12,0.0444,0,1,0.0
varenicline,2010-01,-0.0819,0,2,0.0
varenicline,2010-02,0.07419999999999999,1,2,0.5
varenicline,2010-03,0.1077,0,2,0.0
varenicline,2010-04,0.123,1,2,0.5
varenicline,2010-05,0.002800000000000004,0,2,0.0
varenicline,2010-07,-0.1417,1,1,1.0
varenicline,2010-09,0.1808,1,1,1.0
varenicline,2010-10,-0.2774,0,1,0.0
varenicline,2010-11,-0.0593,0,1,0.0
varenicline,2011-02,0.11535000000000001,1,2,0.5
varenicline,2011-04,-0.020533333333333334,2,3,0.6666666666666666
varenicline,2011-05,-0.2708,0,1,0.0
varenicline,2011-06,0.13195,0,2,0.0
varenicline,2011-07,-0.0123,1,1,1.0
varenicline,2011-08,0.34455,1,2,0.5
varenicline,2011-09,0.137,0,2,0.0
varenicline,2011-10,0.014080000000000004,1,5,0.2
varenicline,2011-12,-0.0722,0,1,0.0
varenicline,2012-01,0.051300000000000005,1,3,0.3333333333333333
varenicline,2012-02,0.2818,0,1,0.0
varenicline,2012-04,-0.021199999999999997,1,3,0.3333333333333333
varenicline,2012-06,0.32335,0,2,0.0
varenicline,2012-07,0.0778,0,1,0.0
varenicline,2012-09,0.1366666666666667,0,3,0.0
varenicline,2012-11,0.1034,0,3,0.0
varenicline,2013-01,0.040249999999999994,0,2,0.0
varenicline,2013-02,-0.0029,0,1,0.0
varenicline,2013-04,0.1673,1,1,1.0
varenicline,2013-06,-0.0847,0,1,0.0
varenicline,2013-07,0.0083,0,1,0.0
varenicline,2013-08,0.04286666666666667,1,3,0.3333333333333333
varenicline,2013-09,0.217,0,1,0.0
varenicline,2013-10,0.07176,1,5,0.2
varenicline,2013-11,-0.027950000000000003,2,4,0.5
varenicline,2013-12,-0.034425000000000004,2,4,0.5
varenicline,2014-01,0.03162000000000001,1,5,0.2
varenicline,2014-03,0.10885,1,6,0.16666666666666666
varenicline,2014-04,0.2573,0,1,0.0
varenicline,2014-05,0.40765,1,2,0.5
varenicline,2014-06,0.15000000000000002,1,2,0.5
varenicline,2014-08,0.20545000000000002,0,2,0.0
varenicline,2014-09,0.2772,1,1,1.0
varenicline,2014-10,0.171575,1,4,0.25
varenicline,2014-11,-0.0354,1,2,0.5
varenicline,2014-12,0.325,1,2,0.5
varenicline,2015-01,0.25,0,1,0.0
varenicline,2015-02,0.23393333333333333,3,12,0.25
varenicline,2015-03,0.07730000000000001,1,4,0.25
varenicline,2015-04,0.06494000000000001,0,5,0.0
varenicline,2015-05,0.047619999999999996,0,5,0.0
varenicline,2015-06,0.029328571428571426,1,7,0.14285714285714285
varenicline,2015-07,0.059375,0,4,0.0
varenicline,2015-08,0.094275,1,4,0.25
varenicline,2015-09,0.0488625,2,8,0.25
varenicline,2015-10,0.0625,0,5,0.0
varenicline,2015-11,0.12366666666666666,0,3,0.0
varenicline,2015-12,0.07780000000000001,0,2,0.0
varenicline,2016-01,0.05343333333333333,2,12,0.16666666666666666
varenicline,2016-02,0.2789333333333333,0,6,0.0
varenicline,2016-03,0.062075,2,12,0.16666666666666666
varenicline,2016-04,0.17825000000000002,1,8,0.125
varenicline,2016-05,0.14322,1,5,0.2
varenicline,2016-06,0.13670000000000002,0,2,0.0
varenicline,2016-07,0.19676666666666667,0,3,0.0
varenicline,2016-08,0.17564,0,5,0.0
varenicline,2016-09,0.12031999999999998,0,5,0.0
varenicline,2016-10,0.017759999999999998,1,5,0.2
varenicline,2016-11,0.16146666666666668,1,6,0.16666666666666666
varenicline,2016-12,0.09625999999999998,0,5,0.0
varenicline,2017-01,0.13899999999999998,1,3,0.3333333333333333
varenicline,2017-02,-0.201475,0,4,0.0
varenicline,2017-03,0.025633333333333338,0,3,0.0
varenicline,2017-04,0.0752,0,2,0.0
varenicline,2017-06,0.17728,0,5,0.0
varenicline,2017-07,0.11153333333333333,1,6,0.16666666666666666
varenicline,2017-08,-0.04200999999999999,1,10,0.1
varenicline,2017-09,0.10843333333333334,0,6,0.0
varenicline,2017-10,0.1,0,1,0.0
varenicline,2017-11,0.11301666666666665,1,6,0.16666666666666666
venlafaxine,2008-03,0.0333,0,1,0.0
venlafaxine,2008-04,-0.0483,0,1,0.0
venlafaxine,2008-05,0.09440000000000001,0,2,0.0
venlafaxine,2008-06,0.0324,0,2,0.0
venlafaxine,2008-07,0.09616666666666666,0,3,0.0
venlafaxine,2008-08,-0.08536666666666666,2,3,0.6666666666666666
venlafaxine,2008-10,0.06,0,1,0.0
venlafaxine,2008-12,-0.12706666666666666,0,3,0.0
venlafaxine,2009-01,0.3129,1,2,0.5
venlafaxine,2009-02,-0.125075,0,4,0.0
venlafaxine,2009-03,0.2677,0,2,0.0
venlafaxine,2009-04,0.1265,0,3,0.0
venlafaxine,2009-05,0.018775,1,4,0.25
venlafaxine,2009-06,0.05471999999999999,1,5,0.2
venlafaxine,2009-07,-0.019479999999999997,2,5,0.4
venlafaxine,2009-09,-0.11376666666666667,1,3,0.3333333333333333
venlafaxine,2009-10,-0.1095,0,2,0.0
venlafaxine,2009-11,0.0009000000000000027,0,3,0.0
venlafaxine,2009-12,-0.18125,1,2,0.5
venlafaxine,2010-02,-0.031566666666666666,0,3,0.0
venlafaxine,2010-06,0.0894,1,3,0.3333333333333333
venlafaxine,2010-08,0.1621,0,1,0.0
venlafaxine,2010-09,0.1456,2,3,0.6666666666666666
venlafaxine,2010-10,-0.1046,1,1,1.0
venlafaxine,2010-11,-0.26,0,1,0.0
venlafaxine,2010-12,0.119,0,1,0.0
venlafaxine,2011-01,0.055,1,1,1.0
venlafaxine,2011-02,0.13540000000000002,1,2,0.5
venlafaxine,2011-03,0.29635,0,2,0.0
venlafaxine,2011-04,0.4696,1,2,0.5
venlafaxine,2011-05,0.2972,0,2,0.0
venlafaxine,2011-06,-0.0312,0,1,0.0
venlafaxine,2011-08,-0.01743333333333334,1,3,0.3333333333333333
venlafaxine,2011-09,0.06195,1,4,0.25
venlafaxine,2011-10,-0.023674999999999995,1,4,0.25
venlafaxine,2011-11,0.136675,2,4,0.5
venlafaxine,2011-12,-0.0875,0,2,0.0
venlafaxine,2012-01,-0.08055,1,2,0.5
venlafaxine,2012-02,0.09475,1,2,0.5
venlafaxine,2012-03,0.16415,0,2,0.0
venlafaxine,2012-04,-0.0655,0,1,0.0
venlafaxine,2012-05,-0.1919,0,3,0.0
venlafaxine,2012-06,-0.03686666666666668,2,3,0.6666666666666666
venlafaxine,2012-07,0.0771,1,2,0.5
venlafaxine,2012-08,-0.06210000000000001,2,6,0.3333333333333333
venlafaxine,2012-09,0.20715,0,2,0.0
venlafaxine,2012-10,0.1115,1,2,0.5
venlafaxine,2012-12,-0.08736,1,5,0.2
venlafaxine,2013-01,0.0024999999999999883,0,2,0.0
venlafaxine,2013-02,-0.0111,0,1,0.0
venlafaxine,2013-03,-0.0722,1,2,0.5
venlafaxine,2013-04,0.085,0,2,0.0
venlafaxine,2013-05,-0.06445,0,2,0.0
venlafaxine,2013-06,0.1317,1,1,1.0
venlafaxine,2013-07,0.0818,0,2,0.0
venlafaxine,2013-09,0.13195,0,2,0.0
venlafaxine,2013-10,-0.0065999999999999965,0,5,0.0
venlafaxine,2013-11,-0.0275,0,1,0.0
venlafaxine,2013-12,-0.15835,1,2,0.5
venlafaxine,2014-01,0.15666666666666665,0,3,0.0
venlafaxine,2014-02,0.6,0,1,0.0
venlafaxine,2014-03,0.26713333333333333,1,3,0.3333333333333333
venlafaxine,2014-04,0.0667,0,1,0.0
venlafaxine,2014-05,-0.046,0,2,0.0
venlafaxine,2014-06,-0.006666666666666668,2,3,0.6666666666666666
venlafaxine,2014-07,-0.0455,2,4,0.5
venlafaxine,2014-08,0.08651666666666667,3,6,0.5
venlafaxine,2014-09,0.041975000000000005,1,4,0.25
venlafaxine,2014-10,-0.225,1,1,1.0
venlafaxine,2014-11,0.2081666666666667,1,3,0.3333333333333333
venlafaxine,2014-12,0.2344,0,2,0.0
venlafaxine,2015-01,-0.053200000000000004,0,2,0.0
venlafaxine,2015-02,0.02105,2,2,1.0
venlafaxine,2015-03,-0.07063333333333334,2,3,0.6666666666666666
venlafaxine,2015-04,0.12056666666666667,2,6,0.3333333333333333
venlafaxine,2015-05,0.0012500000000000011,3,6,0.5
venlafaxine,2015-06,-0.019780000000000002,2,10,0.2
venlafaxine,2015-07,-0.0008999999999999994,2,5,0.4
venlafaxine,2015-08,0.021200000000000004,2,8,0.25
venlafaxine,2015-09,0.037762500000000004,2,8,0.25
venlafaxine,2015-10,-0.06899999999999999,1,6,0.16666666666666666
venlafaxine,2015-11,0.0104625,2,8,0.25
venlafaxine,2015-12,-0.006071428571428562,2,7,0.2857142857142857
venlafaxine,2016-01,-0.0351,6,18,0.3333333333333333
venlafaxine,2016-02,-0.08783636363636363,1,11,0.09090909090909091
venlafaxine,2016-03,-0.15373333333333333,3,12,0.25
venlafaxine,2016-04,0.03615714285714285,1,14,0.07142857142857142
venlafaxine,2016-05,0.008027272727272732,2,11,0.18181818181818182
venlafaxine,2016-06,-0.11833,2,10,0.2
venlafaxine,2016-07,-0.024099999999999996,3,9,0.3333333333333333
venlafaxine,2016-08,0.023107692307692305,4,13,0.3076923076923077
venlafaxine,2016-09,-0.0016222222222222209,4,18,0.2222222222222222
venlafaxine,2016-10,-0.11757272727272726,5,11,0.45454545454545453
venlafaxine,2016-11,-0.09634285714285715,2,14,0.14285714285714285
venlafaxine,2016-12,0.0930909090909091,4,11,0.36363636363636365
venlafaxine,2017-01,-0.06841333333333334,1,15,0.06666666666666667
venlafaxine,2017-02,-0.04728750000000001,5,8,0.625
venlafaxine,2017-03,-0.03688000000000001,2,10,0.2
venlafaxine,2017-04,-0.031190909090909092,2,11,0.18181818181818182
venlafaxine,2017-05,0.054228571428571425,5,7,0.7142857142857143
venlafaxine,2017-06,-0.15875,1,8,0.125
venlafaxine,2017-07,-0.04777777777777778,2,9,0.2222222222222222
venlafaxine,2017-08,-0.0022000000000000045,1,9,0.1111111111111111
venlafaxine,2017-09,0.028533333333333338,1,3,0.3333333333333333
venlafaxine,2017-10,0.0442,2,8,0.25
venlafaxine,2017-11,-0.15771,2,10,0.2
venlafaxine,2017-12,-0.1173,1,3,0.3333333333333333
zoloft,2008-03,0.78,1,1,1.0
zoloft,2008-06,0.29585,1,2,0.5
zoloft,2008-07,0.3267,0,1,0.0
zoloft,2008-08,0.134,1,1,1.0
zoloft,2008-12,0.1153,0,1,0.0
zoloft,2009-01,0.0125,0,1,0.0
zoloft,2009-02,-0.4,0,1,0.0
zoloft,2009-03,0.0578,0,2,0.0
zoloft,2009-04,-0.010000000000000009,0,2,0.0
zoloft,2009-05,-0.05311428571428572,5,7,0.7142857142857143
zoloft,2009-06,0.08155000000000001,1,2,0.5
zoloft,2009-07,-0.002071428571428569,2,7,0.2857142857142857
zoloft,2009-08,-0.3524,1,2,0.5
zoloft,2009-09,0.2853,0,3,0.0
zoloft,2009-10,0.0783,1,1,1.0
zoloft,2009-11,0.128575,1,4,0.25
zoloft,2010-01,0.20715,0,2,0.0
zoloft,2010-02,-0.015500000000000005,2,3,0.6666666666666666
zoloft,2010-03,-0.04616666666666667,2,3,0.6666666666666666
zoloft,2010-04,0.1722,3,5,0.6
zoloft,2010-05,0.1996,1,2,0.5
zoloft,2010-06,0.225,2,3,0.6666666666666666
zoloft,2010-07,0.054925,1,4,0.25
zoloft,2010-08,0.11865,1,4,0.25
zoloft,2010-09,0.20500000000000002,1,2,0.5
zoloft,2010-10,0.09809999999999999,1,2,0.5
zoloft,2010-11,0.03875,2,2,1.0
zoloft,2010-12,0.32,1,1,1.0
zoloft,2011-02,0.375,0,1,0.0
zoloft,2011-03,0.2097,0,1,0.0
zoloft,2011-06,0.22410000000000002,1,2,0.5
zoloft,2011-07,-0.0101,0,2,0.0
zoloft,2011-09,0.08923333333333333,1,3,0.3333333333333333
zoloft,2011-10,0.1714,0,4,0.0
zoloft,2011-11,-0.07395000000000002,1,4,0.25
zoloft,2011-12,0.14875,0,6,0.0
zoloft,2012-01,0.13792857142857143,1,7,0.14285714285714285
zoloft,2012-02,0.21253333333333332,1,3,0.3333333333333333
zoloft,2012-03,0.01535,1,2,0.5
zoloft,2012-04,0.07901428571428572,3,7,0.42857142857142855
zoloft,2012-05,0.0114,2,4,0.5
zoloft,2012-06,0.16665000000000002,0,2,0.0
zoloft,2012-07,0.1646,0,1,0.0
zoloft,2012-08,0.05206666666666667,2,3,0.6666666666666666
zoloft,2012-09,-0.1046,0,1,0.0
zoloft,2012-10,0.1,1,2,0.5
zoloft,2012-11,0.018500000000000003,1,2,0.5
zoloft,2012-12,-0.0509,0,1,0.0
zoloft,2013-01,0.007237500000000003,3,8,0.375
zoloft,2013-02,0.07943333333333334,2,3,0.6666666666666666
zoloft,2013-03,0.036250000000000004,1,2,0.5
zoloft,2013-04,0.036449999999999996,0,2,0.0
zoloft,2013-05,-0.00665,0,2,0.0
zoloft,2013-06,0.012499999999999997,0,2,0.0
zoloft,2013-07,-0.1464,5,5,1.0
zoloft,2013-08,-0.004774999999999998,5,8,0.625
zoloft,2013-09,0.03146666666666667,2,3,0.6666666666666666
zoloft,2013-10,0.00706666666666667,1,3,0.3333333333333333
zoloft,2013-11,0.18945,2,4,0.5
zoloft,2013-12,0.08997999999999999,2,5,0.4
zoloft,2014-01,0.023000000000000003,1,3,0.3333333333333333
zoloft,2014-02,0.0583,0,1,0.0
zoloft,2014-03,0.1291,0,3,0.0
zoloft,2014-04,0.11316666666666668,1,3,0.3333333333333333
zoloft,2014-05,0.21130000000000002,0,2,0.0
zoloft,2014-06,0.1341,1,1,1.0
zoloft,2014-07,-0.2587,0,2,0.0
zoloft,2014-08,0.65,0,1,0.0
zoloft,2014-09,0.005249999999999998,1,2,0.5
zoloft,2014-10,0.23405,2,4,0.5
zoloft,2014-11,0.091425,0,4,0.0
zoloft,2014-12,0.266725,2,4,0.5
zoloft,2015-01,0.2905,0,1,0.0
zoloft,2015-02,0.12396666666666667,0,3,0.0
zoloft,2015-03,-0.08302000000000001,2,5,0.4
zoloft,2015-04,0.02071666666666666,1,6,0.16666666666666666
zoloft,2015-05,0.16826,1,5,0.2
zoloft,2015-06,0.10779999999999999,2,4,0.5
zoloft,2015-07,0.14232,1,5,0.2
zoloft,2015-08,-0.061125,2,4,0.5
zoloft,2015-09,0.03836000000000002,2,5,0.4
zoloft,2015-10,-0.0664,0,4,0.0
zoloft,2015-11,-0.00851666666666667,2,6,0.3333333333333333
zoloft,2015-12,0.0608,3,6,0.5
zoloft,2016-01,-0.018066666666666665,0,6,0.0
zoloft,2016-02,0.045988888888888885,1,9,0.1111111111111111
zoloft,2016-03,-0.14418,1,5,0.2
zoloft,2016-04,0.014279999999999992,1,5,0.2
zoloft,2016-05,0.048875,1,4,0.25
zoloft,2016-06,0.022400000000000003,0,2,0.0
zoloft,2016-07,0.03834,0,5,0.0
zoloft,2016-08,-0.045899999999999996,1,8,0.125
zoloft,2016-09,0.0214,5,12,0.4166666666666667
zoloft,2016-10,-0.09004,3,10,0.3
zoloft,2016-11,0.038639999999999994,1,5,0.2
zoloft,2016-12,-0.09351000000000001,4,10,0.4
zoloft,2017-01,0.08763333333333333,1,9,0.1111111111111111
zoloft,2017-02,0.047240000000000004,6,10,0.6
zoloft,2017-03,-0.07654000000000001,1,5,0.2
zoloft,2017-04,-0.09064,3,5,0.6
zoloft,2017-05,-0.007277777777777778,2,9,0.2222222222222222
zoloft,2017-06,0.06985555555555556,5,9,0.5555555555555556
zoloft,2017-07,0.1419,1,5,0.2
zoloft,2017-08,0.0779,1,4,0.25
zoloft,2017-09,0.06636666666666667,1,3,0.3333333333333333
zoloft,2017-10,0.16720000000000002,0,3,0.0
zoloft,2017-11,-0.2833,1,2,0.5
zoloft,2017-12,0.0,0,1,0.0
